{"ok":true,"generated_at":"2026-09-26T03:32:53.500Z","equity":9867.29,"pnl":-132.71,"positions":2,"backtests":15,"markets":["BTC/USD","ETH/USD","SOL/USD","XRP/USD","TAO/USD"],"errors":{}}
{"ok":true,"generated_at":"2026-09-26T03:33:58.287Z","equity":9863.47,"pnl":-136.53,"positions":2,"backtests":15,"markets":["BTC/USD","ETH/USD","SOL/USD","XRP/USD","TAO/USD"],"errors":{}}
{"ok":true,"generated_at":"2026-09-26T03:35:02.100Z","equity":9861.29,"pnl":-138.71,"positions":2,"backtests":15,"markets":["BTC/USD","ETH/USD","SOL/USD","XRP/USD","TAO/USD"],"errors":{}}
{"ok":true,"generated_at":"2026-09-26T03:36:05.535Z","equity":9864.39,"pnl":-135.61,"positions":2,"backtests":15,"markets":["BTC/USD","ETH/USD","SOL/USD","XRP/USD","TAO/USD"],"errors":{}}
{"ok":true,"generated_at":"2026-09-26T03:37:09.152Z","equity":9860.85,"pnl":-139.15,"positions":2,"backtests":15,"markets":["BTC/USD","ETH/USD","SOL/USD","XRP/USD","TAO/USD"],"errors":{}}
{"ok":true,"generated_at":"2026-09-26T03:38:13.183Z","equity":9861.22,"pnl":-138.78,"positions":2,"backtests":15,"markets":["BTC/USD","ETH/USD","SOL/USD","XRP/USD","TAO/USD"],"errors":{}}
{"ok":true,"generated_at":"2026-09-26T03:39:16.833Z","equity":9864.1,"pnl":-135.9,"positions":2,"backtests":15,"markets":["BTC/USD","ETH/USD","SOL/USD","XRP/USD","TAO/USD"],"errors":{}}
{"ok":true,"generated_at":"2026-09-26T03:40:20.439Z","equity":9860,"pnl":-140,"positions":2,"backtests":15,"markets":["BTC/USD","ETH/USD","SOL/USD","XRP/USD","TAO/USD"],"errors":{}}
{"ok":true,"generated_at":"2026-09-26T03:41:24.323Z","equity":9856.56,"pnl":-143.44,"positions":2,"backtests":15,"markets":["BTC/USD","ETH/USD","SOL/USD","XRP/USD","TAO/USD"],"errors":{}}
{"ok":true,"generated_at":"2026-09-26T03:42:28.129Z","equity":9853.19,"pnl":-146.81,"positions":2,"backtests":15,"markets":["BTC/USD","ETH/USD","SOL/USD","XRP/USD","TAO/USD"],"errors":{}}
{"ok":true,"generated_at":"2026-09-26T03:43:31.669Z","equity":9848.22,"pnl":-151.78,"positions":2,"backtests":15,"markets":["BTC/USD","ETH/USD","SOL/USD","XRP/USD","TAO/USD"],"errors":{}}
{"ok":true,"generated_at":"2026-09-26T03:44:35.226Z","equity":9851.04,"pnl":-148.96,"positions":2,"backtests":15,"markets":["BTC/USD","ETH/USD","SOL/USD","XRP/USD","TAO/USD"],"errors":{}}
{"ok":true,"generated_at":"2026-09-26T03:45:39.349Z","equity":9850.94,"pnl":-149.06,"positions":2,"backtests":15,"markets":["BTC/USD","ETH/USD","SOL/USD","XRP/USD","TAO/USD"],"errors":{}}
{"ok":true,"generated_at":"2026-09-26T03:46:43.063Z","equity":9851.82,"pnl":-148.18,"positions":2,"backtests":15,"markets":["BTC/USD","ETH/USD","SOL/USD","XRP/USD","TAO/USD"],"errors":{}}
{"ok":true,"generated_at":"2026-09-26T03:47:46.548Z","equity":9854.35,"pnl":-145.65,"positions":2,"backtests":15,"markets":["BTC/USD","ETH/USD","SOL/USD","XRP/USD","TAO/USD"],"errors":{}}
{"ok":true,"generated_at":"2026-09-26T03:48:49.916Z","equity":9854.74,"pnl":-145.26,"positions":2,"backtests":15,"markets":["BTC/USD","ETH/USD","SOL/USD","XRP/USD","TAO/USD"],"errors":{}}
{"ok":true,"generated_at":"2026-09-26T03:49:53.300Z","equity":9852.08,"pnl":-147.92,"positions":2,"backtests":15,"markets":["BTC/USD","ETH/USD","SOL/USD","XRP/USD","TAO/USD"],"errors":{}}
{"ok":true,"generated_at":"2026-09-26T03:50:56.843Z","equity":9851.62,"pnl":-148.38,"positions":2,"backtests":15,"markets":["BTC/USD","ETH/USD","SOL/USD","XRP/USD","TAO/USD"],"errors":{}}
{"ok":true,"generated_at":"2026-09-26T03:52:00.598Z","equity":9853.15,"pnl":-146.85,"positions":2,"backtests":15,"markets":["BTC/USD","ETH/USD","SOL/USD","XRP/USD","TAO/USD"],"errors":{}}
{"ok":true,"generated_at":"2026-09-26T03:53:04.215Z","equity":9849.39,"pnl":-150.61,"positions":2,"backtests":15,"markets":["BTC/USD","ETH/USD","SOL/USD","XRP/USD","TAO/USD"],"errors":{}}
{"ok":true,"generated_at":"2026-09-26T03:54:08.110Z","equity":9850.05,"pnl":-149.95,"positions":2,"backtests":15,"markets":["BTC/USD","ETH/USD","SOL/USD","XRP/USD","TAO/USD"],"errors":{}}
{"ok":true,"generated_at":"2026-09-26T03:55:15.344Z","equity":9848.17,"pnl":-151.83,"positions":2,"backtests":15,"markets":["BTC/USD","ETH/USD","SOL/USD","XRP/USD","TAO/USD"],"errors":{}}
{"ok":true,"generated_at":"2026-09-26T03:56:19.454Z","equity":9847.69,"pnl":-152.31,"positions":2,"backtests":15,"markets":["BTC/USD","ETH/USD","SOL/USD","XRP/USD","TAO/USD"],"errors":{}}
{"ok":true,"generated_at":"2026-09-26T03:57:22.873Z","equity":9849.42,"pnl":-150.58,"positions":2,"backtests":15,"markets":["BTC/USD","ETH/USD","SOL/USD","XRP/USD","TAO/USD"],"errors":{}}
{"ok":true,"generated_at":"2026-09-26T03:58:26.880Z","equity":9847.97,"pnl":-152.03,"positions":2,"backtests":15,"markets":["BTC/USD","ETH/USD","SOL/USD","XRP/USD","TAO/USD"],"errors":{}}
{"ok":true,"generated_at":"2026-09-26T03:59:30.310Z","equity":9849.11,"pnl":-150.89,"positions":2,"backtests":15,"markets":["BTC/USD","ETH/USD","SOL/USD","XRP/USD","TAO/USD"],"errors":{}}
{"ok":true,"generated_at":"2026-09-26T04:00:34.112Z","equity":9827.93,"pnl":-172.07,"positions":2,"backtests":15,"markets":["BTC/USD","ETH/USD","SOL/USD","XRP/USD","TAO/USD"],"errors":{}}
{"ok":true,"generated_at":"2026-09-26T04:01:38.327Z","equity":9824.42,"pnl":-175.58,"positions":1,"backtests":15,"markets":["BTC/USD","ETH/USD","SOL/USD","XRP/USD","TAO/USD"],"errors":{}}
{"ok":true,"generated_at":"2026-09-26T04:02:41.842Z","equity":9826.18,"pnl":-173.82,"positions":1,"backtests":15,"markets":["BTC/USD","ETH/USD","SOL/USD","XRP/USD","TAO/USD"],"errors":{}}
{"ok":true,"generated_at":"2026-09-26T04:03:45.778Z","equity":9827.39,"pnl":-172.61,"positions":1,"backtests":15,"markets":["BTC/USD","ETH/USD","SOL/USD","XRP/USD","TAO/USD"],"errors":{}}
{"ok":true,"generated_at":"2026-09-26T04:04:49.541Z","equity":9828.16,"pnl":-171.84,"positions":1,"backtests":15,"markets":["BTC/USD","ETH/USD","SOL/USD","XRP/USD","TAO/USD"],"errors":{}}
{"ok":true,"generated_at":"2026-09-26T04:05:53.065Z","equity":9827.06,"pnl":-172.94,"positions":1,"backtests":15,"markets":["BTC/USD","ETH/USD","SOL/USD","XRP/USD","TAO/USD"],"errors":{}}
{"ok":true,"generated_at":"2026-09-26T04:06:56.760Z","equity":9829.49,"pnl":-170.51,"positions":1,"backtests":15,"markets":["BTC/USD","ETH/USD","SOL/USD","XRP/USD","TAO/USD"],"errors":{}}
{"ok":true,"generated_at":"2026-09-26T04:08:00.640Z","equity":9833.56,"pnl":-166.44,"positions":1,"backtests":15,"markets":["BTC/USD","ETH/USD","SOL/USD","XRP/USD","TAO/USD"],"errors":{}}
{"ok":true,"generated_at":"2026-09-26T04:09:04.297Z","equity":9832.9,"pnl":-167.1,"positions":1,"backtests":15,"markets":["BTC/USD","ETH/USD","SOL/USD","XRP/USD","TAO/USD"],"errors":{}}
{"ok":true,"generated_at":"2026-09-26T04:10:07.865Z","equity":9831.58,"pnl":-168.42,"positions":1,"backtests":15,"markets":["BTC/USD","ETH/USD","SOL/USD","XRP/USD","TAO/USD"],"errors":{}}
{"ok":true,"generated_at":"2026-09-26T04:10:57.684Z","equity":9830.59,"pnl":-169.41,"positions":1,"backtests":15,"markets":["BTC/USD","ETH/USD","SOL/USD","XRP/USD","TAO/USD"],"errors":{}}
{"ok":true,"generated_at":"2026-09-26T04:12:01.539Z","equity":9833.67,"pnl":-166.33,"positions":1,"backtests":15,"markets":["BTC/USD","ETH/USD","SOL/USD","XRP/USD","TAO/USD"],"errors":{}}
{"ok":true,"generated_at":"2026-09-26T04:13:05.109Z","equity":9833.23,"pnl":-166.77,"positions":1,"backtests":15,"markets":["BTC/USD","ETH/USD","SOL/USD","XRP/USD","TAO/USD"],"errors":{}}
{"ok":true,"generated_at":"2026-09-26T04:14:08.532Z","equity":9817.58,"pnl":-182.42,"positions":1,"backtests":15,"markets":["BTC/USD","ETH/USD","SOL/USD","XRP/USD","TAO/USD"],"errors":{}}
{"ok":true,"generated_at":"2026-09-26T04:15:12.282Z","equity":9829.71,"pnl":-170.29,"positions":1,"backtests":15,"markets":["BTC/USD","ETH/USD","SOL/USD","XRP/USD","TAO/USD"],"errors":{}}
{"ok":true,"generated_at":"2026-09-26T04:16:15.615Z","equity":9828.49,"pnl":-171.51,"positions":1,"backtests":15,"markets":["BTC/USD","ETH/USD","SOL/USD","XRP/USD","TAO/USD"],"errors":{}}
{"ok":true,"generated_at":"2026-09-26T04:17:19.114Z","equity":9823.86,"pnl":-176.14,"positions":1,"backtests":15,"markets":["BTC/USD","ETH/USD","SOL/USD","XRP/USD","TAO/USD"],"errors":{}}
{"ok":true,"generated_at":"2026-09-26T04:18:14.275Z","equity":9825.41,"pnl":-174.59,"positions":1,"backtests":15,"markets":["BTC/USD","ETH/USD","SOL/USD","XRP/USD","TAO/USD"],"errors":{}{"{"ok":true,"generated_at":"2026-09-26T04:19:17.556Z","equity":9832.57,"pnl":-167.43,"positions":1,"backtests":15,"markets":["BTC/USD","ETH/USD","SOL/USD","XRP/USD","TAO/USD"],"errors":{}{"{"ok":true,"generated_at":"2026-09-26T04:20:21.836Z","equity":9834,"pnl":-166,"positions":1,"backtests":15,"markets":["BTC/USD","ETH/USD","SOL/USD","XRP/USD","TAO/USD"],"errors":{}{"{"ok":true,"generated_at":"2026-09-26T04:21:25.301Z","equity":9836.1,"pnl":-163.9,"positions":1,"backtests":15,"markets":["BTC/USD","ETH/USD","SOL/USD","XRP/USD","TAO/USD"],"errors":{}}
{"ok":true,"generated_at":"2026-09-26T04:22:28.664Z","equity":9826.51,"pnl":-173.49,"positions":1,"backtests":15,"markets":["BTC/USD","ETH/USD","SOL/USD","XRP/USD","TAO/USD"],"errors":{}}
{"ok":true,"generated_at":"2026-09-26T04:23:31.974Z","equity":9812.95,"pnl":-187.05,"positions":1,"backtests":15,"markets":["BTC/USD","ETH/USD","SOL/USD","XRP/USD","TAO/USD"],"errors":{}}
{"ok":true,"generated_at":"2026-09-26T04:24:35.198Z","equity":9815.38,"pnl":-184.62,"positions":1,"backtests":15,"markets":["BTC/USD","ETH/USD","SOL/USD","XRP/USD","TAO/USD"],"errors":{}}
{"ok":true,"generated_at":"2026-09-26T04:25:38.943Z","equity":9814.5,"pnl":-185.5,"positions":1,"backtests":15,"markets":["BTC/USD","ETH/USD","SOL/USD","XRP/USD","TAO/USD"],"errors":{}}
{"ok":true,"generated_at":"2026-09-26T04:26:42.137Z","equity":9813.94,"pnl":-186.06,"positions":1,"backtests":15,"markets":["BTC/USD","ETH/USD","SOL/USD","XRP/USD","TAO/USD"],"errors":{}}
{"ok":true,"generated_at":"2026-09-26T04:27:45.449Z","equity":9818.24,"pnl":-181.76,"positions":1,"backtests":15,"markets":["BTC/USD","ETH/USD","SOL/USD","XRP/USD","TAO/USD"],"errors":{}}
{"ok":true,"generated_at":"2026-09-26T04:28:48.763Z","equity":9824.19,"pnl":-175.81,"positions":1,"backtests":15,"markets":["BTC/USD","ETH/USD","SOL/USD","XRP/USD","TAO/USD"],"errors":{}}
{"ok":true,"generated_at":"2026-09-26T04:29:52.220Z","equity":9817.91,"pnl":-182.09,"positions":1,"backtests":15,"markets":["BTC/USD","ETH/USD","SOL/USD","XRP/USD","TAO/USD"],"errors":{}}
{"ok":true,"generated_at":"2026-09-26T04:30:55.837Z","equity":9810.53,"pnl":-189.47,"positions":1,"backtests":15,"markets":["BTC/USD","ETH/USD","SOL/USD","XRP/USD","TAO/USD"],"errors":{}}
{"ok":true,"generated_at":"2026-09-26T04:31:59.346Z","equity":9816.04,"pnl":-183.96,"positions":1,"backtests":15,"markets":["BTC/USD","ETH/USD","SOL/USD","XRP/USD","TAO/USD"],"errors":{}}
{"ok":true,"generated_at":"2026-09-26T04:33:03.108Z","equity":9812.62,"pnl":-187.38,"positions":1,"backtests":15,"markets":["BTC/USD","ETH/USD","SOL/USD","XRP/USD","TAO/USD"],"errors":{}}
{"ok":true,"generated_at":"2026-09-26T04:34:06.815Z","equity":9811.63,"pnl":-188.37,"positions":1,"backtests":15,"markets":["BTC/USD","ETH/USD","SOL/USD","XRP/USD","TAO/USD"],"errors":{}}
{"ok":true,"generated_at":"2026-09-26T04:35:10.499Z","equity":9811.52,"pnl":-188.48,"positions":1,"backtests":15,"markets":["BTC/USD","ETH/USD","SOL/USD","XRP/USD","TAO/USD"],"errors":{}}
{"ok":true,"generated_at":"2026-09-26T04:36:13.826Z","equity":9805.02,"pnl":-194.98,"positions":1,"backtests":15,"markets":["BTC/USD","ETH/USD","SOL/USD","XRP/USD","TAO/USD"],"errors":{}}
{"ok":true,"generated_at":"2026-09-26T04:37:17.052Z","equity":9809.21,"pnl":-190.79,"positions":1,"backtests":15,"markets":["BTC/USD","ETH/USD","SOL/USD","XRP/USD","TAO/USD"],"errors":{}{"{"ok":true,"generated_at":"2026-09-26T04:38:21.231Z","equity":9801.82,"pnl":-198.18,"positions":1,"backtests":15,"markets":["BTC/USD","ETH/USD","SOL/USD","XRP/USD","TAO/USD"],"errors":{"ok{"ok":true,"generated_at":"2026-09-26T04:39:25.038Z","equity":9805.9,"pnl":-194.1,"positions":1,"backtests":15,"markets":["BTC/USD","ETH/USD","SOL/USD","XRP/USD","TAO/USD"],"errors":{}{"{"ok":true,"generated_at":"2026-09-26T04:40:28.298Z","equity":9811.52,"pnl":-188.48,"positions":1,"backtests":15,"markets":["BTC/USD","ETH/USD","SOL/USD","XRP/USD","TAO/USD"],"errors":{}{"{"ok":true,"generated_at":"2026-09-26T04:41:31.594Z","equity":9815.16,"pnl":-184.84,"positions":1,"backtests":15,"markets":["BTC/USD","ETH/USD","SOL/USD","XRP/USD","TAO/USD"],"errors":{}{"{"ok":true,"generated_at":"2026-09-26T04:42:34.921Z","equity":9816.37,"pnl":-183.63,"positions":1,"backtests":15,"markets":["BTC/USD","ETH/USD","SOL/USD","XRP/USD","TAO/USD"],"errors":{}{"{"ok":true,"generated_at":"2026-09-26T04:43:39.403Z","equity":9821.66,"pnl":-178.34,"positions":1,"backtests":15,"markets":["BTC/USD","ETH/USD","SOL/USD","XRP/USD","TAO/USD"],"errors":{}{"ok":true,"generated_at":"2026-09-26T04:44:45.241Z","equity":9821.44,"pnl":-178.56,"positions":1,"backtests":15,"markets":["BTC/USD","ETH/USD","SOL/USD","XRP/USD","TAO/USD"],"errors":{}}
{"ok":true,"generated_at":"2026-09-26T04:45:48.539Z","equity":9827.83,"pnl":-172.17,"positions":1,"backtests":15,"markets":["BTC/USD","ETH/USD","SOL/USD","XRP/USD","TAO/USD"],"errors":{}}
{"ok":true,"generated_at":"2026-09-26T04:46:51.850Z","equity":9827.83,"pnl":-172.17,"positions":1,"backtests":15,"markets":["BTC/USD","ETH/USD","SOL/USD","XRP/USD","TAO/USD"],"errors":{}}
{"ok":true,"generated_at":"2026-09-26T04:47:55.229Z","equity":9828.16,"pnl":-171.84,"positions":1,"backtests":15,"markets":["BTC/USD","ETH/USD","SOL/USD","XRP/USD","TAO/USD"],"errors":{}}
{"{"ok":true,"generated_at":"2026-09-26T04:48:59.392Z","equity":9840.18,"pnl":-159.82,"positions":1,"backtests":15,"markets":["BTC/USD","ETH/USD","SOL/USD","XRP/USD","TAO/USD"],"errors":{"ok{"ok":true,"generated_at":"2026-09-26T04:50:03.102Z","equity":9839.96,"pnl":-160.04,"positions":1,"backtests":15,"markets":["BTC/USD","ETH/USD","SOL/USD","XRP/USD","TAO/USD"],"errors":{"ok{"ok":true,"generated_at":"2026-09-26T04:51:06.751Z","equity":9843.48,"pnl":-156.52,"positions":1,"backtests":15,"markets":["BTC/USD","ETH/USD","SOL/USD","XRP/USD","TAO/USD"],"errors{"ok":{"ok":true,"generated_at":"2026-09-26T04:52:10.927Z","equity":9845.69,"pnl":-154.31,"positions":1,"backtests":15,"markets":["BTC/USD","ETH/USD","SOL/USD","XRP/USD","TAO/USD"],"errors{"ok":{"ok":true,"generated_at":"2026-09-26T04:53:14.545Z","equity":9844.7,"pnl":-155.3,"positions":1,"backtests":15,"markets":["BTC/USD","ETH/USD","SOL/USD","XRP/USD","TAO/USD"],"errors":{"ok{"ok":true,"generated_at":"2026-09-26T04:54:18.360Z","equity":9843.7,"pnl":-156.3,"positions":1,"backtests":15,"markets":["BTC/USD","ETH/USD","SOL/USD","XRP/USD","TAO/USD"],"errors":{"ok{"ok":true,"generated_at":"2026-09-26T04:55:21.904Z","equity":9842.6,"pnl":-157.4,"positions":1,"backtests":15,"markets":["BTC/USD","ETH/USD","SOL/USD","XRP/USD","TAO/USD"],"errors":{}}
"],"erro{"ok":true,"generated_at":"2026-09-26T04:55:31.698Z","equity":9841.5,"pnl":-158.5,"positions":1,"backtests":15,"markets":["BTC/USD","ETH/USD","SOL/USD","XRP/USD","TAO/USD"],"errors":{}}
}
{"ok":true,"generated_at":"2026-09-26T04:55:42.122Z","equity":9841.39,"pnl":-158.61,"positions":1,"backtests":15,"markets":["BTC/USD","ETH/USD","SOL/USD","XRP/USD","TAO/USD"],"errors":{}}
":true,"generated_at":"2026-09-26T04:55:35.189Z","equity":9841.5,"pnl":-158.5,"positions":1,"backtests":15,"markets":["BTC/USD","ETH/USD","SOL/USD","XRP/USD","TAO/USD"],"errors":{}}
":{}}
{"{"ok":true,"generated_at":"2026-09-26T04:55:38.900Z","equity":9841.39,"pnl":-158.61,"positions":1,"backtests":15,"markets":["BTC/USD","ETH/USD","SOL/USD","XRP/USD","TAO/USD"],"errors":{}{"ok":true,"generated_at":"2026-09-26T04:55:42.499Z","equity":9841.28,"pnl":-158.72,"positions":1,"backtests":15,"markets":["BTC/USD","ETH/USD","SOL/USD","XRP/USD","TAO/USD"],"errors":{}}
{"{"ok":true,"generated_at":"2026-09-26T04:55:53.017Z","equity":9841.39,"pnl":-158.61,"positions":1,"backtests":15,"markets":["BTC/USD","ETH/USD","SOL/USD","XRP/USD","TAO/USD"],"errors":{}}
ok":true,"generated_at":"2026-09-26T04:55:32.059Z","equity":9841.39,"pnl":-158.61,"positions":1,"backtests":15,"markets":["BTC/USD","ETH/USD","SOL/USD","XRP/USD","TAO/USD"],"errors":{}}
{"ok":true,"generated_at":"2026-09-26T04:55:38.245Z","equity":9841.28,"pnl":-158.72,"positions":1,"backtests":15,"markets":["BTC/USD","ETH/USD","SOL/USD","XRP/USD","TAO/USD"],"errors":{}}
{"ok":true,"generated_at":"2026-09-26T04:55:39.633Z","equity":9841.39,"pnl":-158.61,"positions":1,"backtests":15,"markets":["BTC/USD","ETH/USD","SOL/USD","XRP/USD","TAO/USD"],"errors":{}}
":{"ok{"ok":true,"generated_at":"2026-09-26T04:55:58.928Z","equity":9841.39,"pnl":-158.61,"positions":1,"backtests":15,"markets":["BTC/USD","ETH/USD","SOL/USD","XRP/USD","TAO/USD"],"errors":{}}
":true,"generated_at":"2026-09-26T04:55:30.152Z","equity":9841.39,"pnl":-158.61,"positions":1,"backtests":15,"markets":["BTC/USD","ETH/USD","SOL/USD","XRP/USD","TAO/USD"],"errors":{}}
ok":true,"generated_at":"2026-09-26T04:55:27.138Z","equity":9841.5,"pnl":-158.5,"positions":1,"backtests":15,"markets":["BTC/USD","ETH/USD","SOL/USD","XRP/USD","TAO/USD"],"errors":{}}
}
{"ok":true,"generated_at":"2026-09-26T04:55:59.145Z","equity":9841.39,"pnl":-158.61,"positions":1,"backtests":15,"markets":["BTC/USD","ETH/USD","SOL/USD","XRP/USD","TAO/USD"],"errors":{}}
{"ok":true,"generated_at":"2026-09-26T04:55:41.083Z","equity":9841.28,"pnl":-158.72,"positions":1,"backtests":15,"markets":["BTC/USD","ETH/USD","SOL/USD","XRP/USD","TAO/USD"],"errors":{}}
}
{"ok":true,"generated_at":"2026-09-26T04:55:41.721Z","equity":9841.28,"pnl":-158.72,"positions":1,"backtests":15,"markets":["BTC/USD","ETH/USD","SOL/USD","XRP/USD","TAO/USD"],"errors":{}}
ok{"ok":true,"generated_at":"2026-09-26T04:55:39.312Z","equity":9841.39,"pnl":-158.61,"positions":1,"backtests":15,"markets":["BTC/USD","ETH/USD","SOL/USD","XRP/USD","TAO/USD"],"errors":{}}
ue,"generated_at":"2026-09-26T04:55:35.530Z","equity":9841.28,"pnl":-158.72,"positions":1,"backtests":15,"markets":["BTC/USD","ETH/USD","SOL/USD","XRP/USD","TAO/USD"],"errors":{}}
{}{"ok":true,"generated_at":"2026-09-26T04:55:12.940Z","equity":9842.6,"pnl":-157.4,"positions":1,"backtests":15,"markets":["BTC/USD","ETH/USD","SOL/USD","XRP/USD","TAO/USD"],"errors":{}}
}
{"ok":true,"generated_at":"2026-09-26T04:55:41.150Z","equity":9841.28,"pnl":-158.72,"positions":1,"backtests":15,"markets":["BTC/USD","ETH/USD","SOL/USD","XRP/USD","TAO/USD"],"errors":{}}
}
{"ok":true,"generated_at":"2026-09-26T04:55:37.539Z","equity":9841.28,"pnl":-158.72,"positions":1,"backtests":15,"markets":["BTC/USD","ETH/USD","SOL/USD","XRP/USD","TAO/USD"],"errors":{}}
ok":true,"generated_at":"2026-09-26T04:55:33.182Z","equity":9841.5,"pnl":-158.5,"positions":1,"backtests":15,"markets":["BTC/USD","ETH/USD","SOL/USD","XRP/USD","TAO/USD"],"errors":{}}
}
{"{"ok":true,"generated_at":"2026-09-26T04:55:42.739Z","equity":9841.28,"pnl":-158.72,"positions":1,"backtests":15,"markets":["BTC/USD","ETH/USD","SOL/USD","XRP/USD","TAO/USD"],"errors":{}}
ok":true,"generated_at":"2026-09-26T04:55:35.725Z","equity":9841.5,"pnl":-158.5,"positions":1,"backtests":15,"markets":["BTC/USD","ETH/USD","SOL/USD","XRP/USD","TAO/USD"],"errors":{}}
}
{"{"ok":true,"generated_at":"2026-09-26T04:54:59.343Z","equity":9841.06,"pnl":-158.94,"positions":1,"backtests":15,"markets":["BTC/USD","ETH/USD","SOL/USD","XRP/USD","TAO/USD"],"errors":{}{"{"ok":true,"generated_at":"2026-09-26T04:56:02.690Z","equity":9840.29,"pnl":-159.71,"positions":1,"backtests":15,"markets":["BTC/USD","ETH/USD","SOL/USD","XRP/USD","TAO/USD"],"errors":{}}
{"ok":true,"generated_at":"2026-09-26T04:55:58.637Z","equity":9841.39,"pnl":-158.61,"positions":1,"backtests":15,"markets":["BTC/USD","ETH/USD","SOL/USD","XRP/USD","TAO/USD"],"errors":{}}
ok":true,"generated_at":"2026-09-26T04:55:57.833Z","equity":9841.39,"pnl":-158.61,"positions":1,"backtests":15,"markets":["BTC/USD","ETH/USD","SOL/USD","XRP/USD","TAO/USD"],"errors":{}}
{"ok":true,"generated_at":"2026-09-26T04:55:52.051Z","equity":9841.39,"pnl":-158.61,"positions":1,"backtests":15,"markets":["BTC/USD","ETH/USD","SOL/USD","XRP/USD","TAO/USD"],"errors":{}}
{"ok":true,"generated_at":"2026-09-26T04:55:50.018Z","equity":9841.39,"pnl":-158.61,"positions":1,"backtests":15,"markets":["BTC/USD","ETH/USD","SOL/USD","XRP/USD","TAO/USD"],"errors":{}}
{"ok":true,"generated_at":"2026-09-26T04:55:47.254Z","equity":9841.28,"pnl":-158.72,"positions":1,"backtests":15,"markets":["BTC/USD","ETH/USD","SOL/USD","XRP/USD","TAO/USD"],"errors":{}}
{"ok":true,"generated_at":"2026-09-26T04:55:44.686Z","equity":9841.28,"pnl":-158.72,"positions":1,"backtests":15,"markets":["BTC/USD","ETH/USD","SOL/USD","XRP/USD","TAO/USD"],"errors":{}}
{"ok":true,"generated_at":"2026-09-26T04:55:42.977Z","equity":9841.28,"pnl":-158.72,"positions":1,"backtests":15,"markets":["BTC/USD","ETH/USD","SOL/USD","XRP/USD","TAO/USD"],"errors":{}}
{"ok":true,"generated_at":"2026-09-26T04:55:41.467Z","equity":9841.28,"pnl":-158.72,"positions":1,"backtests":15,"markets":["BTC/USD","ETH/USD","SOL/USD","XRP/USD","TAO/USD"],"errors":{}}
{"ok":true,"generated_at":"2026-09-26T04:55:36.969Z","equity":9841.28,"pnl":-158.72,"positions":1,"backtests":15,"markets":["BTC/USD","ETH/USD","SOL/USD","XRP/USD","TAO/USD"],"errors":{}}
{"ok":true,"generated_at":"2026-09-26T04:55:33.945Z","equity":9841.5,"pnl":-158.5,"positions":1,"backtests":15,"markets":["BTC/USD","ETH/USD","SOL/USD","XRP/USD","TAO/USD"],"errors":{}}
{"ok":true,"generated_at":"2026-09-26T04:56:05.839Z","equity":9841.17,"pnl":-158.83,"positions":1,"backtests":15,"markets":["BTC/USD","ETH/USD","SOL/USD","XRP/USD","TAO/USD"],"errors":{}}
{"ok":true,"generated_at":"2026-09-26T04:57:09.298Z","equity":9835.77,"pnl":-164.23,"positions":1,"backtests":15,"markets":["BTC/USD","ETH/USD","SOL/USD","XRP/USD","TAO/USD"],"errors":{}}
{"ok":true,"generated_at":"2026-09-26T04:58:12.871Z","equity":9834.56,"pnl":-165.44,"positions":1,"backtests":15,"markets":["BTC/USD","ETH/USD","SOL/USD","XRP/USD","TAO/USD"],"errors":{}}
{"ok":true,"generated_at":"2026-09-26T04:59:16.193Z","equity":9833.56,"pnl":-166.44,"positions":1,"backtests":15,"markets":["BTC/USD","ETH/USD","SOL/USD","XRP/USD","TAO/USD"],"errors{"ok":{"ok":true,"generated_at":"2026-09-26T05:00:19.740Z","equity":9819.69,"pnl":-180.31,"positions":2,"backtests":15,"markets":["BTC/USD","ETH/USD","SOL/USD","XRP/USD","TAO/USD"],"errors{"ok":{"ok":true,"generated_at":"2026-09-26T05:01:23.824Z","equity":9820.69,"pnl":-179.31,"positions":2,"backtests":15,"markets":["BTC/USD","ETH/USD","SOL/USD","XRP/USD","TAO/USD"],"errors{"ok":{"ok":true,"generated_at":"2026-09-26T05:02:27.371Z","equity":9817.32,"pnl":-182.68,"positions":2,"backtests":15,"markets":["BTC/USD","ETH/USD","SOL/USD","XRP/USD","TAO/USD"],"erro{"ok":tr{"ok":true,"generated_at":"2026-09-26T05:03:31.041Z","equity":9815.91,"pnl":-184.09,"positions":2,"backtests":15,"markets":["BTC/USD","ETH/USD","SOL/USD","XRP/USD","TAO/USD"],"erro{"ok":tr{"ok":true,"generated_at":"2026-09-26T05:04:34.382Z","equity":9812.11,"pnl":-187.89,"positions":2,"backtests":15,"markets":["BTC/USD","ETH/USD","SOL/USD","XRP/USD","TAO/USD"],"erro{"ok":tr{"ok":true,"generated_at":"2026-09-26T05:05:37.849Z","equity":9811.49,"pnl":-188.51,"positions":2,"backtests":15,"markets":["BTC/USD","ETH/USD","SOL/USD","XRP/USD","TAO/USD"],"erro{"ok":tr{"ok":true,"generated_at":"2026-09-26T05:06:41.112Z","equity":9812.7,"pnl":-187.3,"positions":2,"backtests":15,"markets":["BTC/USD","ETH/USD","SOL/USD","XRP/USD","TAO/USD"],"errors{"ok":{"ok":true,"generated_at":"2026-09-26T05:07:44.217Z","equity":9814,"pnl":-186,"positions":2,"backtests":15,"markets":["BTC/USD","ETH/USD","SOL/USD","XRP/USD","TAO/USD"],"errors":{}{"{"ok":true,"generated_at":"2026-09-26T05:08:47.858Z","equity":9815.44,"pnl":-184.56,"positions":2,"backtests":15,"markets":["BTC/USD","ETH/USD","SOL/USD","XRP/USD","TAO/USD"],"errors":{}{"{"ok":true,"generated_at":"2026-09-26T05:09:51.261Z","equity":9815.68,"pnl":-184.32,"positions":2,"backtests":15,"markets":["BTC/USD","ETH/USD","SOL/USD","XRP/USD","TAO/USD"],"errors":{}{"{"ok":true,"generated_at":"2026-09-26T05:10:54.604Z","equity":9814.64,"pnl":-185.36,"positions":2,"backtests":15,"markets":["BTC/USD","ETH/USD","SOL/USD","XRP/USD","TAO/USD"],"errors":{}{"{"ok":true,"generated_at":"2026-09-26T05:11:57.699Z","equity":9813.88,"pnl":-186.12,"positions":2,"backtests":15,"markets":["BTC/USD","ETH/USD","SOL/USD","XRP/USD","TAO/USD"],"errors":{}{"{"ok":true,"generated_at":"2026-09-26T05:13:01.160Z","equity":9814.46,"pnl":-185.54,"positions":2,"backtests":15,"markets":["BTC/USD","ETH/USD","SOL/USD","XRP/USD","TAO/USD"],"errors":{}{"{"ok":true,"generated_at":"2026-09-26T05:14:04.994Z","equity":9810.04,"pnl":-189.96,"positions":2,"backtests":15,"markets":["BTC/USD","ETH/USD","SOL/USD","XRP/USD","TAO/USD"],"errors":{"ok{"ok":true,"generated_at":"2026-09-26T05:15:08.392Z","equity":9805.48,"pnl":-194.52,"positions":2,"backtests":15,"markets":["BTC/USD","ETH/USD","SOL/USD","XRP/USD","TAO/USD"],"errors":{"ok{"ok":true,"generated_at":"2026-09-26T05:16:12.062Z","equity":9810.47,"pnl":-189.53,"positions":2,"backtests":15,"markets":["BTC/USD","ETH/USD","SOL/USD","XRP/USD","TAO/USD"],"errors":{"ok{"ok":true,"generated_at":"2026-09-26T05:17:15.670Z","equity":9809,"pnl":-191,"positions":2,"backtests":15,"markets":["BTC/USD","ETH/USD","SOL/USD","XRP/USD","TAO/USD"],"errors":{}}
{"ok":true,"generated_at":"2026-09-26T05:18:19.357Z","equity":9810.57,"pnl":-189.43,"positions":2,"backtests":15,"markets":["BTC/USD","ETH/USD","SOL/USD","XRP/USD","TAO/USD"],"errors":{}}
{"ok":true,"generated_at":"2026-09-26T05:19:23.006Z","equity":9804.91,"pnl":-195.09,"positions":2,"backtests":15,"markets":["BTC/USD","ETH/USD","SOL/USD","XRP/USD","TAO/USD"],"errors":{}}
{"ok":true,"generated_at":"2026-09-26T05:20:26.205Z","equity":9808.56,"pnl":-191.44,"positions":2,"backtests":15,"markets":["BTC/USD","ETH/USD","SOL/USD","XRP/USD","TAO/USD"],"errors":{}}
{"ok":true,"generated_at":"2026-09-26T05:21:29.673Z","equity":9814.56,"pnl":-185.44,"positions":2,"backtests":15,"markets":["BTC/USD","ETH/USD","SOL/USD","XRP/USD","TAO/USD"],"errors":{}}
{"ok":true,"generated_at":"2026-09-26T05:22:32.849Z","equity":9811.02,"pnl":-188.98,"positions":2,"backtests":15,"markets":["BTC/USD","ETH/USD","SOL/USD","XRP/USD","TAO/USD"],"errors":{}}
{"ok":true,"generated_at":"2026-09-26T05:23:36.330Z","equity":9810.2,"pnl":-189.8,"positions":2,"backtests":15,"markets":["BTC/USD","ETH/USD","SOL/USD","XRP/USD","TAO/USD"],"errors":{}}
{"ok":true,"generated_at":"2026-09-26T05:24:39.492Z","equity":9810,"pnl":-190,"positions":2,"backtests":15,"markets":["BTC/USD","ETH/USD","SOL/USD","XRP/USD","TAO/USD"],"errors":{}}
{"ok":true,"generated_at":"2026-09-26T05:25:42.730Z","equity":9805.86,"pnl":-194.14,"positions":2,"backtests":15,"markets":["BTC/USD","ETH/USD","SOL/USD","XRP/USD","TAO/USD"],"errors":{}}
{"ok":true,"generated_at":"2026-09-26T05:26:46.078Z","equity":9808.34,"pnl":-191.66,"positions":2,"backtests":15,"markets":["BTC/USD","ETH/USD","SOL/USD","XRP/USD","TAO/USD"],"errors":{}}
{"ok":true,"generated_at":"2026-09-26T05:27:50.046Z","equity":9802.07,"pnl":-197.93,"positions":2,"backtests":15,"markets":["BTC/USD","ETH/USD","SOL/USD","XRP/USD","TAO/USD"],"errors":{}}
{"ok":true,"generated_at":"2026-09-26T05:28:53.472Z","equity":9800.44,"pnl":-199.56,"positions":2,"backtests":15,"markets":["BTC/USD","ETH/USD","SOL/USD","XRP/USD","TAO/USD"],"errors":{}}
{"ok":true,"generated_at":"2026-09-26T05:29:56.790Z","equity":9799.63,"pnl":-200.37,"positions":2,"backtests":15,"markets":["BTC/USD","ETH/USD","SOL/USD","XRP/USD","TAO/USD"],"errors":{}}
{"ok":true,"generated_at":"2026-09-26T05:30:59.999Z","equity":9796.43,"pnl":-203.57,"positions":2,"backtests":15,"markets":["BTC/USD","ETH/USD","SOL/USD","XRP/USD","TAO/USD"],"errors":{}}
{"ok":true,"generated_at":"2026-09-26T05:32:03.218Z","equity":9795.73,"pnl":-204.27,"positions":2,"backtests":15,"markets":["BTC/USD","ETH/USD","SOL/USD","XRP/USD","TAO/USD"],"errors":{}}
{"ok":true,"generated_at":"2026-09-26T05:33:06.742Z","equity":9794.13,"pnl":-205.87,"positions":2,"backtests":15,"markets":["BTC/USD","ETH/USD","SOL/USD","XRP/USD","TAO/USD"],"errors":{}}
{"ok":true,"generated_at":"2026-09-26T05:34:10.402Z","equity":9792.89,"pnl":-207.11,"positions":2,"backtests":15,"markets":["BTC/USD","ETH/USD","SOL/USD","XRP/USD","TAO/USD"],"errors":{}}
{"ok":true,"generated_at":"2026-09-26T05:35:13.835Z","equity":9797.47,"pnl":-202.53,"positions":2,"backtests":15,"markets":["BTC/USD","ETH/USD","SOL/USD","XRP/USD","TAO/USD"],"errors":{}}
{"ok":true,"generated_at":"2026-09-26T05:36:17.141Z","equity":9796.29,"pnl":-203.71,"positions":2,"backtests":15,"markets":["BTC/USD","ETH/USD","SOL/USD","XRP/USD","TAO/USD"],"errors":{}}
{"ok":true,"generated_at":"2026-09-26T05:37:20.760Z","equity":9792.16,"pnl":-207.84,"positions":2,"backtests":15,"markets":["BTC/USD","ETH/USD","SOL/USD","XRP/USD","TAO/USD"],"errors":{}}
{"ok":true,"generated_at":"2026-09-26T05:38:40.811Z","equity":9801.51,"pnl":-198.49,"positions":2,"backtests":12,"markets":["BTC/USD","ETH/USD","SOL/USD","XRP/USD"],"errors":{"TAO/USD":"This o{"ok":true,"generated_at{"ok":true,"generated_at":"2026-09-26T05:39:45.413Z","equity":9798.92,"pnl":-201.08,"positions":2,"backtests":15,"markets":["BTC/USD","ETH/USD","SOL/USD","XRP/USD","TAO/USD"],"errors":{}}
{"ok":true,"generated_at":"2026-09-26T05:40:50.897Z","equity":9795.27,"pnl":-204.73,"positions":2,"backtests":15,"markets":["BTC/USD","ETH/USD","SOL/USD","XRP/USD","TAO/USD"],"errors":{}}
{"ok":true,"generated_at":"2026-09-26T05:41:54.411Z","equity":9807.05,"pnl":-192.95,"positions":2,"backtests":15,"markets":["BTC/USD","ETH/USD","SOL/USD","XRP/USD","TAO/USD"],"errors":{}}
{"ok":true,"generated_at":"2026-09-26T05:42:57.816Z","equity":9806.38,"pnl":-193.62,"positions":2,"backtests":15,"markets":["BTC/USD","ETH/USD","SOL/USD","XRP/USD","TAO/USD"],"errors":{}}
{"ok":true,"generated_at":"2026-09-26T05:44:01.268Z","equity":9804.07,"pnl":-195.93,"positions":2,"backtests":15,"markets":["BTC/USD","ETH/USD","SOL/USD","XRP/USD","TAO/USD"],"errors":{}}
{"ok":true,"generated_at":"2026-09-26T05:45:04.855Z","equity":9806.21,"pnl":-193.79,"positions":2,"backtests":15,"markets":["BTC/USD","ETH/USD","SOL/USD","XRP/USD","TAO/USD"],"errors":{}}
{"ok":true,"generated_at":"2026-09-26T05:46:08.418Z","equity":9805.09,"pnl":-194.91,"positions":2,"backtests":15,"markets":["BTC/USD","ETH/USD","SOL/USD","XRP/USD","TAO/USD"],"errors":{}}
{"ok":true,"generated_at":"2026-09-26T05:47:11.805Z","equity":9807.63,"pnl":-192.37,"positions":2,"backtests":15,"markets":["BTC/USD","ETH/USD","SOL/USD","XRP/USD","TAO/USD"],"errors":{}}
{"ok":true,"generated_at":"2026-09-26T05:48:15.074Z","equity":9800.84,"pnl":-199.16,"positions":2,"backtests":15,"markets":["BTC/USD","ETH/USD","SOL/USD","XRP/USD","TAO/USD"],"errors":{}}
{"ok":true,"generated_at":"2026-09-26T05:49:18.437Z","equity":9805.4,"pnl":-194.6,"positions":2,"backtests":15,"markets":["BTC/USD","ETH/USD","SOL/USD","XRP/USD","TAO/USD"],"errors":{}}
{"ok":true,"generated_at":"2026-09-26T05:50:22.011Z","equity":9801.72,"pnl":-198.28,"positions":2,"backtests":15,"markets":["BTC/USD","ETH/USD","SOL/USD","XRP/USD","TAO/USD"],"errors":{}}
{"ok":true,"generated_at":"2026-09-26T05:51:25.641Z","equity":9802.11,"pnl":-197.89,"positions":2,"backtests":15,"markets":["BTC/USD","ETH/USD","SOL/USD","XRP/USD","TAO/USD"],"errors":{}}
{"ok":true,"generated_at":"2026-09-26T05:52:28.873Z","equity":9797.02,"pnl":-202.98,"positions":2,"backtests":15,"markets":["BTC/USD","ETH/USD","SOL/USD","XRP/USD","TAO/USD"],"errors":{}}
{"ok":true,"generated_at":"2026-09-26T05:53:32.292Z","equity":9794.8,"pnl":-205.2,"positions":2,"backtests":15,"markets":["BTC/USD","ETH/USD","SOL/USD","XRP/USD","TAO/USD"],"errors":{}}
{"ok":true,"generated_at":"2026-09-26T05:54:35.636Z","equity":9795.73,"pnl":-204.27,"positions":2,"backtests":15,"markets":["BTC/USD","ETH/USD","SOL/USD","XRP/USD","TAO/USD"],"errors":{}}
{"ok":true,"generated_at":"2026-09-26T05:55:39.258Z","equity":9793.9,"pnl":-206.1,"positions":2,"backtests":15,"markets":["BTC/USD","ETH/USD","SOL/USD","XRP/USD","TAO/USD"],"errors":{}}
{"ok":true,"generated_at":"2026-09-26T05:56:43.956Z","equity":9794.15,"pnl":-205.85,"positions":2,"backtests":15,"markets":["BTC/USD","ETH/USD","SOL/USD","XRP/USD","TAO/USD"],"errors":{}}
{"ok":true,"generated_at":"2026-09-26T05:57:47.135Z","equity":9792.34,"pnl":-207.66,"positions":2,"backtests":15,"markets":["BTC/USD","ETH/USD","SOL/USD","XRP/USD","TAO/USD"],"errors":{}}
{"ok":true,"generated_at":"2026-09-26T05:58:50.793Z","equity":9794.17,"pnl":-205.83,"positions":2,"backtests":15,"markets":["BTC/USD","ETH/USD","SOL/USD","XRP/USD","TAO/USD"],"errors":{}}
{"ok":true,"generated_at":"2026-09-26T05:59:54.604Z","equity":9793.25,"pnl":-206.75,"positions":2,"backtests":15,"markets":["BTC/USD","ETH/USD","SOL/USD","XRP/USD","TAO/USD"],"errors":{}}
{"ok":true,"generated_at":"2026-09-26T06:00:58.289Z","equity":9789.63,"pnl":-210.37,"positions":2,"backtests":15,"markets":["BTC/USD","ETH/USD","SOL/USD","XRP/USD","TAO/USD"],"errors":{}}
{"ok":true,"generated_at":"2026-09-26T06:02:02.378Z","equity":9787.65,"pnl":-212.35,"positions":2,"backtests":15,"markets":["BTC/USD","ETH/USD","SOL/USD","XRP/USD","TAO/USD"],"errors":{}}
{"ok":true,"generated_at":"2026-09-26T06:03:05.810Z","equity":9782.15,"pnl":-217.85,"positions":2,"backtests":15,"markets":["BTC/USD","ETH/USD","SOL/USD","XRP/USD","TAO/USD"],"errors":{}}
{"ok":true,"generated_at":"2026-09-26T06:04:08.973Z","equity":9786.31,"pnl":-213.69,"positions":2,"backtests":15,"markets":["BTC/USD","ETH/USD","SOL/USD","XRP/USD","TAO/USD"],"errors":{}}
{"ok":true,"generated_at":"2026-09-26T06:05:12.369Z","equity":9789.48,"pnl":-210.52,"positions":2,"backtests":15,"markets":["BTC/USD","ETH/USD","SOL/USD","XRP/USD","TAO/USD"],"errors":{}}
{"ok":true,"generated_at":"2026-09-26T06:06:15.616Z","equity":9793.27,"pnl":-206.73,"positions":2,"backtests":15,"markets":["BTC/USD","ETH/USD","SOL/USD","XRP/USD","TAO/USD"],"errors":{}}
{"ok":true,"generated_at":"2026-09-26T06:07:18.919Z","equity":9794.91,"pnl":-205.09,"positions":2,"backtests":15,"markets":["BTC/USD","ETH/USD","SOL/USD","XRP/USD","TAO/USD"],"errors":{}}
{"ok":true,"generated_at":"2026-09-26T06:08:22.734Z","equity":9788.6,"pnl":-211.4,"positions":2,"backtests":15,"markets":["BTC/USD","ETH/USD","SOL/USD","XRP/USD","TAO/USD"],"errors":{}}
{"ok":true,"generated_at":"2026-09-26T06:09:25.889Z","equity":9791.27,"pnl":-208.73,"positions":2,"backtests":15,"markets":["BTC/USD","ETH/USD","SOL/USD","XRP/USD","TAO/USD"],"errors":{}}
{"ok":true,"generated_at":"2026-09-26T06:10:29.515Z","equity":9796.37,"pnl":-203.63,"positions":2,"backtests":15,"markets":["BTC/USD","ETH/USD","SOL/USD","XRP/USD","TAO/USD"],"errors":{}}
{"ok":true,"generated_at":"2026-09-26T06:11:33.538Z","equity":9797.24,"pnl":-202.76,"positions":2,"backtests":15,"markets":["BTC/USD","ETH/USD","SOL/USD","XRP/USD","TAO/USD"],"errors":{}}
{"ok":true,"generated_at":"2026-09-26T06:12:36.820Z","equity":9796.97,"pnl":-203.03,"positions":2,"backtests":15,"markets":["BTC/USD","ETH/USD","SOL/USD","XRP/USD","TAO/USD"],"errors":{}}
{"ok":true,"generated_at":"2026-09-26T06:13:40.189Z","equity":9795.42,"pnl":-204.58,"positions":2,"backtests":15,"markets":["BTC/USD","ETH/USD","SOL/USD","XRP/USD","TAO/USD"],"errors":{}}
{"ok":true,"generated_at":"2026-09-26T06:14:43.735Z","equity":9796.71,"pnl":-203.29,"positions":2,"backtests":15,"markets":["BTC/USD","ETH/USD","SOL/USD","XRP/USD","TAO/USD"],"errors":{}}
{"ok":true,"generated_at":"2026-09-26T06:15:46.946Z","equity":9797.19,"pnl":-202.81,"positions":2,"backtests":15,"markets":["BTC/USD","ETH/USD","SOL/USD","XRP/USD","TAO/USD"],"errors":{}}
{"ok":true,"generated_at":"2026-09-26T06:16:50.316Z","equity":9795,"pnl":-205,"positions":2,"backtests":15,"markets":["BTC/USD","ETH/USD","SOL/USD","XRP/USD","TAO/USD"],"errors":{}}
{"ok":true,"generated_at":"2026-09-26T06:17:53.685Z","equity":9792.27,"pnl":-207.73,"positions":2,"backtests":15,"markets":["BTC/USD","ETH/USD","SOL/USD","XRP/USD","TAO/USD"],"errors":{}}
{"ok":true,"generated_at":"2026-09-26T06:18:57.094Z","equity":9794.78,"pnl":-205.22,"positions":2,"backtests":15,"markets":["BTC/USD","ETH/USD","SOL/USD","XRP/USD","TAO/USD"],"errors":{}}
{"ok":true,"generated_at":"2026-09-26T06:20:00.525Z","equity":9803.16,"pnl":-196.84,"positions":2,"backtests":15,"markets":["BTC/USD","ETH/USD","SOL/USD","XRP/USD","TAO/USD"],"errors":{}}
{"ok":true,"generated_at":"2026-09-26T06:21:04.113Z","equity":9801.16,"pnl":-198.84,"positions":2,"backtests":15,"markets":["BTC/USD","ETH/USD","SOL/USD","XRP/USD","TAO/USD"],"errors":{}}
{"ok":true,"generated_at":"2026-09-26T06:22:07.545Z","equity":9804.29,"pnl":-195.71,"positions":2,"backtests":15,"markets":["BTC/USD","ETH/USD","SOL/USD","XRP/USD","TAO/USD"],"errors":{}}
{"ok":true,"generated_at":"2026-09-26T06:23:10.965Z","equity":9806.91,"pnl":-193.09,"positions":2,"backtests":15,"markets":["BTC/USD","ETH/USD","SOL/USD","XRP/USD","TAO/USD"],"errors":{}}
{"ok":true,"generated_at":"2026-09-26T06:24:14.491Z","equity":9801.25,"pnl":-198.75,"positions":2,"backtests":15,"markets":["BTC/USD","ETH/USD","SOL/USD","XRP/USD","TAO/USD"],"errors":{}}
{"ok":true,"generated_at":"2026-09-26T06:25:18.005Z","equity":9804.08,"pnl":-195.92,"positions":2,"backtests":15,"markets":["BTC/USD","ETH/USD","SOL/USD","XRP/USD","TAO/USD"],"errors":{}}
{"ok":true,"generated_at":"2026-09-26T06:26:21.407Z","equity":9798.65,"pnl":-201.35,"positions":2,"backtests":15,"markets":["BTC/USD","ETH/USD","SOL/USD","XRP/USD","TAO/USD"],"errors":{}}
{"ok":true,"generated_at":"2026-09-26T06:27:24.902Z","equity":9797.14,"pnl":-202.86,"positions":2,"backtests":15,"markets":["BTC/USD","ETH/USD","SOL/USD","XRP/USD","TAO/USD"],"errors":{}}
{"ok":true,"generated_at":"2026-09-26T06:28:28.338Z","equity":9794.19,"pnl":-205.81,"positions":2,"backtests":15,"markets":["BTC/USD","ETH/USD","SOL/USD","XRP/USD","TAO/USD"],"errors":{}}
{"ok":true,"generated_at":"2026-09-26T06:29:32.066Z","equity":9793.49,"pnl":-206.51,"positions":2,"backtests":15,"markets":["BTC/USD","ETH/USD","SOL/USD","XRP/USD","TAO/USD"],"errors":{}}
{"ok":true,"generated_at":"2026-09-26T06:30:35.459Z","equity":9796.34,"pnl":-203.66,"positions":2,"backtests":15,"markets":["BTC/USD","ETH/USD","SOL/USD","XRP/USD","TAO/USD"],"errors":{}}
{"ok":true,"generated_at":"2026-09-26T06:31:39.042Z","equity":9792.95,"pnl":-207.05,"positions":2,"backtests":15,"markets":["BTC/USD","ETH/USD","SOL/USD","XRP/USD","TAO/USD"],"errors":{}}
{"ok":true,"generated_at":"2026-09-26T06:32:43.036Z","equity":9802.42,"pnl":-197.58,"positions":2,"backtests":15,"markets":["BTC/USD","ETH/USD","SOL/USD","XRP/USD","TAO/USD"],"errors":{}}
{"ok":true,"generated_at":"2026-09-26T06:33:46.306Z","equity":9801.39,"pnl":-198.61,"positions":2,"backtests":15,"markets":["BTC/USD","ETH/USD","SOL/USD","XRP/USD","TAO/USD"],"errors":{}}
{"ok":true,"generated_at":"2026-09-26T06:34:49.458Z","equity":9795.11,"pnl":-204.89,"positions":2,"backtests":15,"markets":["BTC/USD","ETH/USD","SOL/USD","XRP/USD","TAO/USD"],"errors":{}}
{"ok":true,"generated_at":"2026-09-26T06:35:52.812Z","equity":9793.25,"pnl":-206.75,"positions":2,"backtests":15,"markets":["BTC/USD","ETH/USD","SOL/USD","XRP/USD","TAO/USD"],"errors":{}}
{"ok":true,"generated_at":"2026-09-26T06:36:56.137Z","equity":9794.74,"pnl":-205.26,"positions":2,"backtests":15,"markets":["BTC/USD","ETH/USD","SOL/USD","XRP/USD","TAO/USD"],"errors":{}}
{"ok":true,"generated_at":"2026-09-26T06:37:59.356Z","equity":9793.34,"pnl":-206.66,"positions":2,"backtests":15,"markets":["BTC/USD","ETH/USD","SOL/USD","XRP/USD","TAO/USD"],"errors":{}}
{"ok":true,"generated_at":"2026-09-26T06:39:03.159Z","equity":9796.59,"pnl":-203.41,"positions":2,"backtests":15,"markets":["BTC/USD","ETH/USD","SOL/USD","XRP/USD","TAO/USD"],"errors":{}}
{"ok":true,"generated_at":"2026-09-26T06:40:06.507Z","equity":9798.24,"pnl":-201.76,"positions":2,"backtests":15,"markets":["BTC/USD","ETH/USD","SOL/USD","XRP/USD","TAO/USD"],"errors":{}}
{"ok":true,"generated_at":"2026-09-26T06:41:09.883Z","equity":9795.2,"pnl":-204.8,"positions":2,"backtests":15,"markets":["BTC/USD","ETH/USD","SOL/USD","XRP/USD","TAO/USD"],"errors":{}}
{"ok":true,"generated_at":"2026-09-26T06:42:13.387Z","equity":9791.42,"pnl":-208.58,"positions":2,"backtests":15,"markets":["BTC/USD","ETH/USD","SOL/USD","XRP/USD","TAO/USD"],"errors":{}}
{"ok":true,"generated_at":"2026-09-26T06:43:16.733Z","equity":9793.63,"pnl":-206.37,"positions":2,"backtests":15,"markets":["BTC/USD","ETH/USD","SOL/USD","XRP/USD","TAO/USD"],"errors":{}}
{"ok":true,"generated_at":"2026-09-26T06:44:20.074Z","equity":9794.59,"pnl":-205.41,"positions":2,"backtests":15,"markets":["BTC/USD","ETH/USD","SOL/USD","XRP/USD","TAO/USD"],"errors":{}}
{"ok":true,"generated_at":"2026-09-26T06:45:23.478Z","equity":9796.72,"pnl":-203.28,"positions":2,"backtests":15,"markets":["BTC/USD","ETH/USD","SOL/USD","XRP/USD","TAO/USD"],"errors":{}}
{"ok":true,"generated_at":"2026-09-26T06:46:27.120Z","equity":9794.89,"pnl":-205.11,"positions":2,"backtests":15,"markets":["BTC/USD","ETH/USD","SOL/USD","XRP/USD","TAO/USD"],"errors":{}}
{"ok":true,"generated_at":"2026-09-26T06:47:30.433Z","equity":9795.64,"pnl":-204.36,"positions":2,"backtests":15,"markets":["BTC/USD","ETH/USD","SOL/USD","XRP/USD","TAO/USD"],"errors":{}}
{"ok":true,"generated_at":"2026-09-26T06:48:33.840Z","equity":9801.77,"pnl":-198.23,"positions":2,"backtests":15,"markets":["BTC/USD","ETH/USD","SOL/USD","XRP/USD","TAO/USD"],"errors":{}}
{"ok":true,"generated_at":"2026-09-26T06:49:37.623Z","equity":9801.53,"pnl":-198.47,"positions":2,"backtests":15,"markets":["BTC/USD","ETH/USD","SOL/USD","XRP/USD","TAO/USD"],"errors":{}}
{"ok":true,"generated_at":"2026-09-26T06:50:41.353Z","equity":9802.5,"pnl":-197.5,"positions":2,"backtests":15,"markets":["BTC/USD","ETH/USD","SOL/USD","XRP/USD","TAO/USD"],"errors":{}}
{"ok":true,"generated_at":"2026-09-26T06:51:44.572Z","equity":9802.68,"pnl":-197.32,"positions":2,"backtests":15,"markets":["BTC/USD","ETH/USD","SOL/USD","XRP/USD","TAO/USD"],"errors":{}}
{"ok":true,"generated_at":"2026-09-26T06:52:47.858Z","equity":9801.75,"pnl":-198.25,"positions":2,"backtests":15,"markets":["BTC/USD","ETH/USD","SOL/USD","XRP/USD","TAO/USD"],"errors":{}}
{"ok":true,"generated_at":"2026-09-26T06:53:51.427Z","equity":9797.93,"pnl":-202.07,"positions":2,"backtests":15,"markets":["BTC/USD","ETH/USD","SOL/USD","XRP/USD","TAO/USD"],"errors":{}}
{"ok":true,"generated_at":"2026-09-26T06:54:55.843Z","equity":9800.02,"pnl":-199.98,"positions":2,"backtests":15,"markets":["BTC/USD","ETH/USD","SOL/USD","XRP/USD","TAO/USD"],"errors":{}}
{"ok":true,"generated_at":"2026-09-26T06:56:00.512Z","equity":9797.59,"pnl":-202.41,"positions":2,"backtests":15,"markets":["BTC/USD","ETH/USD","SOL/USD","XRP/USD","TAO/USD"],"errors":{}}
{"ok":true,"generated_at":"2026-09-26T06:57:03.909Z","equity":9797.62,"pnl":-202.38,"positions":2,"backtests":15,"markets":["BTC/USD","ETH/USD","SOL/USD","XRP/USD","TAO/USD"],"errors":{}}
{"ok":true,"generated_at":"2026-09-26T06:58:07.384Z","equity":9796.66,"pnl":-203.34,"positions":2,"backtests":15,"markets":["BTC/USD","ETH/USD","SOL/USD","XRP/USD","TAO/USD"],"errors":{}}
{"ok":true,"generated_at":"2026-09-26T06:59:10.707Z","equity":9796.63,"pnl":-203.37,"positions":2,"backtests":15,"markets":["BTC/USD","ETH/USD","SOL/USD","XRP/USD","TAO/USD"],"errors":{}}
{"ok":true,"generated_at":"2026-09-26T07:00:14.246Z","equity":9793.84,"pnl":-206.16,"positions":2,"backtests":15,"markets":["BTC/USD","ETH/USD","SOL/USD","XRP/USD","TAO/USD"],"errors":{}}
{"ok":true,"generated_at":"2026-09-26T07:01:17.726Z","equity":9793.56,"pnl":-206.44,"positions":2,"backtests":15,"markets":["BTC/USD","ETH/USD","SOL/USD","XRP/USD","TAO/USD"],"errors":{}}
{"ok":true,"generated_at":"2026-09-26T07:02:21.150Z","equity":9798.01,"pnl":-201.99,"positions":2,"backtests":15,"markets":["BTC/USD","ETH/USD","SOL/USD","XRP/USD","TAO/USD"],"errors":{}}
{"ok":true,"generated_at":"2026-09-26T07:03:28.221Z","equity":9799.53,"pnl":-200.47,"positions":2,"backtests":15,"markets":["BTC/USD","ETH/USD","SOL/USD","XRP/USD","TAO/USD"],"errors":{}}
{"ok":true,"generated_at":"2026-09-26T07:04:31.559Z","equity":9803.37,"pnl":-196.63,"positions":2,"backtests":15,"markets":["BTC/USD","ETH/USD","SOL/USD","XRP/USD","TAO/USD"],"errors":{}}
{"ok":true,"generated_at":"2026-09-26T07:05:35.209Z","equity":9805.65,"pnl":-194.35,"positions":2,"backtests":15,"markets":["BTC/USD","ETH/USD","SOL/USD","XRP/USD","TAO/USD"],"errors":{}}
{"ok":true,"generated_at":"2026-09-26T07:06:38.931Z","equity":9811.38,"pnl":-188.62,"positions":2,"backtests":15,"markets":["BTC/USD","ETH/USD","SOL/USD","XRP/USD","TAO/USD"],"errors":{}}
{"ok":true,"generated_at":"2026-09-26T07:07:42.439Z","equity":9810.61,"pnl":-189.39,"positions":2,"backtests":15,"markets":["BTC/USD","ETH/USD","SOL/USD","XRP/USD","TAO/USD"],"errors":{}}
{"ok":true,"generated_at":"2026-09-26T07:08:45.744Z","equity":9814.03,"pnl":-185.97,"positions":2,"backtests":15,"markets":["BTC/USD","ETH/USD","SOL/USD","XRP/USD","TAO/USD"],"errors":{}}
{"ok":true,"generated_at":"2026-09-26T07:09:49.114Z","equity":9813.86,"pnl":-186.14,"positions":2,"backtests":15,"markets":["BTC/USD","ETH/USD","SOL/USD","XRP/USD","TAO/USD"],"errors":{}}
{"ok":true,"generated_at":"2026-09-26T07:10:52.672Z","equity":9812.57,"pnl":-187.43,"positions":2,"backtests":15,"markets":["BTC/USD","ETH/USD","SOL/USD","XRP/USD","TAO/USD"],"errors":{}}
{"ok":true,"generated_at":"2026-09-26T07:11:56.106Z","equity":9821.7,"pnl":-178.3,"positions":2,"backtests":15,"markets":["BTC/USD","ETH/USD","SOL/USD","XRP/USD","TAO/USD"],"errors":{}}
{"ok":true,"generated_at":"2026-09-26T07:12:59.623Z","equity":9818.58,"pnl":-181.42,"positions":2,"backtests":15,"markets":["BTC/USD","ETH/USD","SOL/USD","XRP/USD","TAO/USD"],"errors":{}}
{"ok":true,"generated_at":"2026-09-26T07:14:03.133Z","equity":9820.49,"pnl":-179.51,"positions":2,"backtests":15,"markets":["BTC/USD","ETH/USD","SOL/USD","XRP/USD","TAO/USD"],"errors":{}}
{"ok":true,"generated_at":"2026-09-26T07:15:06.450Z","equity":9814.09,"pnl":-185.91,"positions":2,"backtests":15,"markets":["BTC/USD","ETH/USD","SOL/USD","XRP/USD","TAO/USD"],"errors":{}}
{"ok":true,"generated_at":"2026-09-26T07:16:10.236Z","equity":9817.12,"pnl":-182.88,"positions":2,"backtests":15,"markets":["BTC/USD","ETH/USD","SOL/USD","XRP/USD","TAO/USD"],"errors":{}}
{"ok":true,"generated_at":"2026-09-26T07:17:13.823Z","equity":9816.88,"pnl":-183.12,"positions":2,"backtests":15,"markets":["BTC/USD","ETH/USD","SOL/USD","XRP/USD","TAO/USD"],"errors":{}}
{"ok":true,"generated_at":"2026-09-26T07:18:17.494Z","equity":9813.83,"pnl":-186.17,"positions":2,"backtests":15,"markets":["BTC/USD","ETH/USD","SOL/USD","XRP/USD","TAO/USD"],"errors":{}}
{"ok":true,"generated_at":"2026-09-26T07:19:20.908Z","equity":9818.64,"pnl":-181.36,"positions":2,"backtests":15,"markets":["BTC/USD","ETH/USD","SOL/USD","XRP/USD","TAO/USD"],"errors":{}}
{"ok":true,"generated_at":"2026-09-26T07:20:24.132Z","equity":9816.93,"pnl":-183.07,"positions":2,"backtests":15,"markets":["BTC/USD","ETH/USD","SOL/USD","XRP/USD","TAO/USD"],"errors":{}}
{"ok":true,"generated_at":"2026-09-26T07:21:27.765Z","equity":9817.14,"pnl":-182.86,"positions":2,"backtests":15,"markets":["BTC/USD","ETH/USD","SOL/USD","XRP/USD","TAO/USD"],"errors":{}}
{"ok":true,"generated_at":"2026-09-26T07:22:31.185Z","equity":9818.33,"pnl":-181.67,"positions":2,"backtests":15,"markets":["BTC/USD","ETH/USD","SOL/USD","XRP/USD","TAO/USD"],"errors":{}}
{"ok":true,"generated_at":"2026-09-26T07:23:34.697Z","equity":9819.24,"pnl":-180.76,"positions":2,"backtests":15,"markets":["BTC/USD","ETH/USD","SOL/USD","XRP/USD","TAO/USD"],"errors":{}}
{"ok":true,"generated_at":"2026-09-26T07:24:38.761Z","equity":9816.56,"pnl":-183.44,"positions":2,"backtests":15,"markets":["BTC/USD","ETH/USD","SOL/USD","XRP/USD","TAO/USD"],"errors":{}}
{"ok":true,"generated_at":"2026-09-26T07:25:42.535Z","equity":9812.57,"pnl":-187.43,"positions":2,"backtests":15,"markets":["BTC/USD","ETH/USD","SOL/USD","XRP/USD","TAO/USD"],"errors":{}}
{"ok":true,"generated_at":"2026-09-26T07:26:46.223Z","equity":9811.93,"pnl":-188.07,"positions":2,"backtests":15,"markets":["BTC/USD","ETH/USD","SOL/USD","XRP/USD","TAO/USD"],"errors":{}}
{"ok":true,"generated_at":"2026-09-26T07:27:49.625Z","equity":9809.52,"pnl":-190.48,"positions":2,"backtests":15,"markets":["BTC/USD","ETH/USD","SOL/USD","XRP/USD","TAO/USD"],"errors":{}}
{"ok":true,"generated_at":"2026-09-26T07:28:53.035Z","equity":9809.56,"pnl":-190.44,"positions":2,"backtests":15,"markets":["BTC/USD","ETH/USD","SOL/USD","XRP/USD","TAO/USD"],"errors":{}}
{"ok":true,"generated_at":"2026-09-26T07:30:00.224Z","equity":9808.46,"pnl":-191.54,"positions":2,"backtests":15,"markets":["BTC/USD","ETH/USD","SOL/USD","XRP/USD","TAO/USD"],"errors":{}}
{"ok":true,"generated_at":"2026-09-26T07:31:03.438Z","equity":9811.87,"pnl":-188.13,"positions":2,"backtests":15,"markets":["BTC/USD","ETH/USD","SOL/USD","XRP/USD","TAO/USD"],"errors":{}}
{"ok":true,"generated_at":"2026-09-26T07:32:06.864Z","equity":9811.75,"pnl":-188.25,"positions":2,"backtests":15,"markets":["BTC/USD","ETH/USD","SOL/USD","XRP/USD","TAO/USD"],"errors":{}}
{"ok":true,"generated_at":"2026-09-26T07:33:10.154Z","equity":9811.51,"pnl":-188.49,"positions":2,"backtests":15,"markets":["BTC/USD","ETH/USD","SOL/USD","XRP/USD","TAO/USD"],"errors":{}}
{"ok":true,"generated_at":"2026-09-26T07:34:13.486Z","equity":9812.27,"pnl":-187.73,"positions":2,"backtests":15,"markets":["BTC/USD","ETH/USD","SOL/USD","XRP/USD","TAO/USD"],"errors":{}}
{"ok":true,"generated_at":"2026-09-26T07:35:16.914Z","equity":9816.3,"pnl":-183.7,"positions":2,"backtests":15,"markets":["BTC/USD","ETH/USD","SOL/USD","XRP/USD","TAO/USD"],"errors":{}}
{"ok":true,"generated_at":"2026-09-26T07:36:20.647Z","equity":9820.48,"pnl":-179.52,"positions":2,"backtests":15,"markets":["BTC/USD","ETH/USD","SOL/USD","XRP/USD","TAO/USD"],"errors":{}}
{"ok":true,"generated_at":"2026-09-26T07:37:24.216Z","equity":9822.18,"pnl":-177.82,"positions":2,"backtests":15,"markets":["BTC/USD","ETH/USD","SOL/USD","XRP/USD","TAO/USD"],"errors":{}}
{"ok":true,"generated_at":"2026-09-26T07:38:28.029Z","equity":9820.5,"pnl":-179.5,"positions":2,"backtests":15,"markets":["BTC/USD","ETH/USD","SOL/USD","XRP/USD","TAO/USD"],"errors":{}}
{"ok":true,"generated_at":"2026-09-26T07:39:31.457Z","equity":9821.23,"pnl":-178.77,"positions":2,"backtests":15,"markets":["BTC/USD","ETH/USD","SOL/USD","XRP/USD","TAO/USD"],"errors":{}}
{"ok":true,"generated_at":"2026-09-26T07:40:34.671Z","equity":9822.04,"pnl":-177.96,"positions":2,"backtests":15,"markets":["BTC/USD","ETH/USD","SOL/USD","XRP/USD","TAO/USD"],"errors":{}}
{"ok":true,"generated_at":"2026-09-26T07:41:38.341Z","equity":9825.27,"pnl":-174.73,"positions":2,"backtests":15,"markets":["BTC/USD","ETH/USD","SOL/USD","XRP/USD","TAO/USD"],"errors":{}}
{"ok":true,"generated_at":"2026-09-26T07:42:41.805Z","equity":9824.65,"pnl":-175.35,"positions":2,"backtests":15,"markets":["BTC/USD","ETH/USD","SOL/USD","XRP/USD","TAO/USD"],"errors":{}}
{"ok":true,"generated_at":"2026-09-26T07:43:45.462Z","equity":9825.97,"pnl":-174.03,"positions":2,"backtests":15,"markets":["BTC/USD","ETH/USD","SOL/USD","XRP/USD","TAO/USD"],"errors":{}}
{"ok":true,"generated_at":"2026-09-26T07:44:48.973Z","equity":9825.04,"pnl":-174.96,"positions":2,"backtests":15,"markets":["BTC/USD","ETH/USD","SOL/USD","XRP/USD","TAO/USD"],"errors":{}}
{"ok":true,"generated_at":"2026-09-26T07:45:52.379Z","equity":9828.23,"pnl":-171.77,"positions":2,"backtests":15,"markets":["BTC/USD","ETH/USD","SOL/USD","XRP/USD","TAO/USD"],"errors":{}}
{"ok":true,"generated_at":"2026-09-26T07:46:55.930Z","equity":9835.18,"pnl":-164.82,"positions":2,"backtests":15,"markets":["BTC/USD","ETH/USD","SOL/USD","XRP/USD","TAO/USD"],"errors":{}}
{"ok":true,"generated_at":"2026-09-26T07:47:59.185Z","equity":9840.18,"pnl":-159.82,"positions":2,"backtests":15,"markets":["BTC/USD","ETH/USD","SOL/USD","XRP/USD","TAO/USD"],"errors":{}}
{"ok":true,"generated_at":"2026-09-26T07:49:02.542Z","equity":9841.05,"pnl":-158.95,"positions":2,"backtests":15,"markets":["BTC/USD","ETH/USD","SOL/USD","XRP/USD","TAO/USD"],"errors":{}}
{"ok":true,"generated_at":"2026-09-26T07:50:06.220Z","equity":9836.51,"pnl":-163.49,"positions":2,"backtests":15,"markets":["BTC/USD","ETH/USD","SOL/USD","XRP/USD","TAO/USD"],"errors":{}}
{"ok":true,"generated_at":"2026-09-26T07:51:09.502Z","equity":9832.96,"pnl":-167.04,"positions":2,"backtests":15,"markets":["BTC/USD","ETH/USD","SOL/USD","XRP/USD","TAO/USD"],"errors":{}}
{"ok":true,"generated_at":"2026-09-26T07:52:13.028Z","equity":9833.19,"pnl":-166.81,"positions":2,"backtests":15,"markets":["BTC/USD","ETH/USD","SOL/USD","XRP/USD","TAO/USD"],"errors":{}}
{"ok":true,"generated_at":"2026-09-26T07:53:16.774Z","equity":9827.08,"pnl":-172.92,"positions":2,"backtests":15,"markets":["BTC/USD","ETH/USD","SOL/USD","XRP/USD","TAO/USD"],"errors":{}}
{"ok":true,"generated_at":"2026-09-26T07:54:20.194Z","equity":9827.36,"pnl":-172.64,"positions":2,"backtests":15,"markets":["BTC/USD","ETH/USD","SOL/USD","XRP/USD","TAO/USD"],"errors":{}}
{"ok":true,"generated_at":"2026-09-26T07:55:23.637Z","equity":9829.04,"pnl":-170.96,"positions":2,"backtests":15,"markets":["BTC/USD","ETH/USD","SOL/USD","XRP/USD","TAO/USD"],"errors":{}}
{"ok":true,"generated_at":"2026-09-26T07:56:27.090Z","equity":9826.87,"pnl":-173.13,"positions":2,"backtests":15,"markets":["BTC/USD","ETH/USD","SOL/USD","XRP/USD","TAO/USD"],"errors":{}}
{"ok":true,"generated_at":"2026-09-26T07:57:30.792Z","equity":9827.51,"pnl":-172.49,"positions":2,"backtests":15,"markets":["BTC/USD","ETH/USD","SOL/USD","XRP/USD","TAO/USD"],"errors":{}}
{"ok":true,"generated_at":"2026-09-26T07:58:34.045Z","equity":9827.77,"pnl":-172.23,"positions":2,"backtests":15,"markets":["BTC/USD","ETH/USD","SOL/USD","XRP/USD","TAO/USD"],"errors":{}}
{"ok":true,"generated_at":"2026-09-26T07:59:38.388Z","equity":9825.58,"pnl":-174.42,"positions":2,"backtests":15,"markets":["BTC/USD","ETH/USD","SOL/USD","XRP/USD","TAO/USD"],"errors":{}}
{"ok":true,"generated_at":"2026-09-26T08:00:41.719Z","equity":9808.36,"pnl":-191.64,"positions":2,"backtests":15,"markets":["BTC/USD","ETH/USD","SOL/USD","XRP/USD","TAO/USD"],"errors":{}}
{"ok":true,"generated_at":"2026-09-26T08:01:45.027Z","equity":9805.46,"pnl":-194.54,"positions":2,"backtests":15,"markets":["BTC/USD","ETH/USD","SOL/USD","XRP/USD","TAO/USD"],"errors":{}}
{"ok":true,"generated_at":"2026-09-26T08:02:48.476Z","equity":9804.04,"pnl":-195.96,"positions":2,"backtests":15,"markets":["BTC/USD","ETH/USD","SOL/USD","XRP/USD","TAO/USD"],"errors":{}}
{"ok":true,"generated_at":"2026-09-26T08:03:52.009Z","equity":9802.23,"pnl":-197.77,"positions":2,"backtests":15,"markets":["BTC/USD","ETH/USD","SOL/USD","XRP/USD","TAO/USD"],"errors":{}}
{"ok":true,"generated_at":"2026-09-26T08:04:55.644Z","equity":9801.73,"pnl":-198.27,"positions":2,"backtests":15,"markets":["BTC/USD","ETH/USD","SOL/USD","XRP/USD","TAO/USD"],"errors":{}}
{"ok":true,"generated_at":"2026-09-26T08:05:58.952Z","equity":9800.08,"pnl":-199.92,"positions":2,"backtests":15,"markets":["BTC/USD","ETH/USD","SOL/USD","XRP/USD","TAO/USD"],"errors":{}}
{"ok":true,"generated_at":"2026-09-26T08:07:02.698Z","equity":9797.05,"pnl":-202.95,"positions":2,"backtests":15,"markets":["BTC/USD","ETH/USD","SOL/USD","XRP/USD","TAO/USD"],"errors":{}}
{"ok":true,"generated_at":"2026-09-26T08:08:06.381Z","equity":9790.43,"pnl":-209.57,"positions":2,"backtests":15,"markets":["BTC/USD","ETH/USD","SOL/USD","XRP/USD","TAO/USD"],"errors":{}}
{"ok":true,"generated_at":"2026-09-26T08:09:09.848Z","equity":9794,"pnl":-206,"positions":2,"backtests":15,"markets":["BTC/USD","ETH/USD","SOL/USD","XRP/USD","TAO/USD"],"errors":{}}
{"ok":true,"generated_at":"2026-09-26T08:10:16.209Z","equity":9794.71,"pnl":-205.29,"positions":2,"backtests":15,"markets":["BTC/USD","ETH/USD","SOL/USD","XRP/USD","TAO/USD"],"errors":{}}
{"ok":true,"generated_at":"2026-09-26T08:11:19.555Z","equity":9794.95,"pnl":-205.05,"positions":2,"backtests":15,"markets":["BTC/USD","ETH/USD","SOL/USD","XRP/USD","TAO/USD"],"errors":{}}
{"ok":true,"generated_at":"2026-09-26T08:12:23.173Z","equity":9790.72,"pnl":-209.28,"positions":2,"backtests":15,"markets":["BTC/USD","ETH/USD","SOL/USD","XRP/USD","TAO/USD"],"errors":{}}
{"ok":true,"generated_at":"2026-09-26T08:13:26.376Z","equity":9788.11,"pnl":-211.89,"positions":2,"backtests":15,"markets":["BTC/USD","ETH/USD","SOL/USD","XRP/USD","TAO/USD"],"errors":{}}
{"ok":true,"generated_at":"2026-09-26T08:14:30.159Z","equity":9785.46,"pnl":-214.54,"positions":2,"backtests":15,"markets":["BTC/USD","ETH/USD","SOL/USD","XRP/USD","TAO/USD"],"errors":{}}
{"ok":true,"generated_at":"2026-09-26T08:15:33.339Z","equity":9784.65,"pnl":-215.35,"positions":2,"backtests":15,"markets":["BTC/USD","ETH/USD","SOL/USD","XRP/USD","TAO/USD"],"errors":{}}
{"ok":true,"generated_at":"2026-09-26T08:16:36.617Z","equity":9785.09,"pnl":-214.91,"positions":2,"backtests":15,"markets":["BTC/USD","ETH/USD","SOL/USD","XRP/USD","TAO/USD"],"errors":{}}
{"ok":true,"generated_at":"2026-09-26T08:17:39.905Z","equity":9777.61,"pnl":-222.39,"positions":2,"backtests":15,"markets":["BTC/USD","ETH/USD","SOL/USD","XRP/USD","TAO/USD"],"errors":{}}
{"ok":true,"generated_at":"2026-09-26T08:18:43.450Z","equity":9771.89,"pnl":-228.11,"positions":2,"backtests":15,"markets":["BTC/USD","ETH/USD","SOL/USD","XRP/USD","TAO/USD"],"errors":{}}
{"ok":true,"generated_at":"2026-09-26T08:19:47.278Z","equity":9774.41,"pnl":-225.59,"positions":2,"backtests":15,"markets":["BTC/USD","ETH/USD","SOL/USD","XRP/USD","TAO/USD"],"errors":{}}
{"ok":true,"generated_at":"2026-09-26T08:20:51.573Z","equity":9779.39,"pnl":-220.61,"positions":2,"backtests":15,"markets":["BTC/USD","ETH/USD","SOL/USD","XRP/USD","TAO/USD"],"errors":{}}
{"ok":true,"generated_at":"2026-09-26T08:21:54.891Z","equity":9776.24,"pnl":-223.76,"positions":2,"backtests":15,"markets":["BTC/USD","ETH/USD","SOL/USD","XRP/USD","TAO/USD"],"errors":{}}
{"ok":true,"generated_at":"2026-09-26T08:22:58.434Z","equity":9772.15,"pnl":-227.85,"positions":2,"backtests":15,"markets":["BTC/USD","ETH/USD","SOL/USD","XRP/USD","TAO/USD"],"errors":{}}
{"ok":true,"generated_at":"2026-09-26T08:24:02.023Z","equity":9771.7,"pnl":-228.3,"positions":2,"backtests":15,"markets":["BTC/USD","ETH/USD","SOL/USD","XRP/USD","TAO/USD"],"errors":{}}
{"ok":true,"generated_at":"2026-09-26T08:25:05.673Z","equity":9766.95,"pnl":-233.05,"positions":2,"backtests":15,"markets":["BTC/USD","ETH/USD","SOL/USD","XRP/USD","TAO/USD"],"errors":{}}
{"ok":true,"generated_at":"2026-09-26T08:26:08.800Z","equity":9757.56,"pnl":-242.44,"positions":2,"backtests":15,"markets":["BTC/USD","ETH/USD","SOL/USD","XRP/USD","TAO/USD"],"errors":{}}
{"ok":true,"generated_at":"2026-09-26T08:27:12.296Z","equity":9767.91,"pnl":-232.09,"positions":2,"backtests":15,"markets":["BTC/USD","ETH/USD","SOL/USD","XRP/USD","TAO/USD"],"errors":{}}
{"ok":true,"generated_at":"2026-09-26T08:28:15.993Z","equity":9776.13,"pnl":-223.87,"positions":2,"backtests":15,"markets":["BTC/USD","ETH/USD","SOL/USD","XRP/USD","TAO/USD"],"errors":{}}
{"ok":true,"generated_at":"2026-09-26T08:29:19.666Z","equity":9775.91,"pnl":-224.09,"positions":2,"backtests":15,"markets":["BTC/USD","ETH/USD","SOL/USD","XRP/USD","TAO/USD"],"errors":{}}
{"ok":true,"generated_at":"2026-09-26T08:30:23.289Z","equity":9783.69,"pnl":-216.31,"positions":2,"backtests":15,"markets":["BTC/USD","ETH/USD","SOL/USD","XRP/USD","TAO/USD"],"errors":{}}
{"ok":true,"generated_at":"2026-09-26T08:31:26.876Z","equity":9790.62,"pnl":-209.38,"positions":2,"backtests":15,"markets":["BTC/USD","ETH/USD","SOL/USD","XRP/USD","TAO/USD"],"errors":{}{"{"ok":true,"generated_at":"2026-09-26T08:32:30.136Z","equity":9797.89,"pnl":-202.11,"positions":2,"backtests":15,"markets":["BTC/USD","ETH/USD","SOL/USD","XRP/USD","TAO/USD"],"errors":{}{"{"ok":true,"generated_at":"2026-09-26T08:33:33.771Z","equity":9806.92,"pnl":-193.08,"positions":2,"backtests":15,"markets":["BTC/USD","ETH/USD","SOL/USD","XRP/USD","TAO/USD"],"errors":{}{"{"ok":true,"generated_at":"2026-09-26T08:34:38.195Z","equity":9814.97,"pnl":-185.03,"positions":2,"backtests":15,"markets":["BTC/USD","ETH/USD","SOL/USD","XRP/USD","TAO/USD"],"errors":{}{"{"ok":true,"generated_at":"2026-09-26T08:35:41.463Z","equity":9813.13,"pnl":-186.87,"positions":2,"backtests":15,"markets":["BTC/USD","ETH/USD","SOL/USD","XRP/USD","TAO/USD"],"errors":{}{"{"ok":true,"generated_at":"2026-09-26T08:36:44.796Z","equity":9819.04,"pnl":-180.96,"positions":2,"backtests":15,"markets":["BTC/USD","ETH/USD","SOL/USD","XRP/USD","TAO/USD"],"errors":{}{"{"ok":true,"generated_at":"2026-09-26T08:37:48.321Z","equity":9823.58,"pnl":-176.42,"positions":2,"backtests":15,"markets":["BTC/USD","ETH/USD","SOL/USD","XRP/USD","TAO/USD"],"errors":{}{"{"ok":true,"generated_at":"2026-09-26T08:38:52.078Z","equity":9830.33,"pnl":-169.67,"positions":2,"backtests":15,"markets":["BTC/USD","ETH/USD","SOL/USD","XRP/USD","TAO/USD"],"errors":{}{"{"ok":true,"generated_at":"2026-09-26T08:39:55.412Z","equity":9825.29,"pnl":-174.71,"positions":2,"backtests":15,"markets":["BTC/USD","ETH/USD","SOL/USD","XRP/USD","TAO/USD"],"errors":{}{"{"ok":true,"generated_at":"2026-09-26T08:40:58.665Z","equity":9815.02,"pnl":-184.98,"positions":2,"backtests":15,"markets":["BTC/USD","ETH/USD","SOL/USD","XRP/USD","TAO/USD"],"errors":{"ok{"ok":true,"generated_at":"2026-09-26T08:42:01.905Z","equity":9818.21,"pnl":-181.79,"positions":2,"backtests":15,"markets":["BTC/USD","ETH/USD","SOL/USD","XRP/USD","TAO/USD"],"errors":{"ok{"ok":true,"generated_at":"2026-09-26T08:43:05.286Z","equity":9816.8,"pnl":-183.2,"positions":2,"backtests":15,"markets":["BTC/USD","ETH/USD","SOL/USD","XRP/USD","TAO/USD"],"erro{"ok":tr{"ok":true,"generated_at":"2026-09-26T08:44:08.748Z","equity":9820.29,"pnl":-179.71,"positions":2,"backtests":15,"markets":["BTC/USD","ETH/USD","SOL/USD","XRP/USD","TAO/USD"]{"ok":true,"ge{"ok":true,"generated_at":"2026-09-26T08:45:12.979Z","equity":9814.61,"pnl":-185.39,"positions":2,"backtests":15,"markets":["BTC/USD","ETH/USD","SOL/USD","XRP/USD","TAO/USD"]{"ok":true,"ge{"ok":true,"generated_at":"2026-09-26T08:46:16.286Z","equity":9810.44,"pnl":-189.56,"positions":2,"backtests":15,"markets":["BTC/USD","ETH/USD","SOL/USD","XRP/USD","TAO/USD"]{"ok":true,"ge{"ok":true,"generated_at":"2026-09-26T08:47:19.580Z","equity":9803.99,"pnl":-196.01,"positions":2,"backtests":15,"markets":["BTC/USD","ETH/USD","SOL/USD","XRP/USD","TAO/USD"]{"ok":true,"ge{"ok":true,"generated_at":"2026-09-26T08:48:22.872Z","equity":9802.24,"pnl":-197.76,"positions":2,"backtests":15,"markets":["BTC/USD","ETH/USD","SOL/USD","XRP/USD","TAO/USD"]{"ok":true,"ge{"ok":true,"generated_at":"2026-09-26T08:49:27.499Z","equity":9802.45,"pnl":-197.55,"positions":2,"backtests":15,"markets":["BTC/USD","ETH/USD","SOL/USD","XRP/USD","TAO/USD"]{"ok":true,"ge{"ok":true,"generated_at":"2026-09-26T08:50:30.638Z","equity":9800.05,"pnl":-199.95,"positions":2,"backtests":15,"markets":["BTC/USD","ETH/USD","SOL/USD","XRP/USD","TAO/USD"]{"ok":true,"ge{"ok":true,"generated_at":"2026-09-26T08:51:34.165Z","equity":9799.47,"pnl":-200.53,"positions":2,"backtests":15,"markets":["BTC/USD","ETH/USD","SOL/USD","XRP/USD","TAO{"ok":true,"generate{"ok":true,"generated_at":"2026-09-26T08:52:37.440Z","equity":9795.06,"pnl":-204.94,"positions":2,"backtests":15,"markets":["BTC/USD","ETH/USD","SOL/USD","XRP/USD","TAO{"ok":true,"generate{"ok":true,"generated_at":"2026-09-26T08:53:41.247Z","equity":9795.94,"pnl":-204.06,"positions":2,"backtests":15,"markets":["BTC/USD","ETH/USD","SOL/USD","XRP/USD","TAO{"ok":true,"generate{"ok":true,"generated_at":"2026-09-26T08:54:44.710Z","equity":9795.42,"pnl":-204.58,"positions":2,"backtests":15,"markets":["BTC/USD","ETH/USD","SOL/USD","XRP/USD","T{"ok":true,"generated_{"ok":true,"generated_at":"2026-09-26T08:55:48.239Z","equity":9793.33,"pnl":-206.67,"positions":2,"backtests":15,"markets":["BTC/USD","ETH/USD","SOL/USD","XRP/USD","T{"ok":true,"generated_{"ok":true,"generated_at":"2026-09-26T08:56:51.537Z","equity":9791.56,"pnl":-208.44,"positions":2,"backtests":15,"markets":["BTC/USD","ETH/USD","SOL/USD","XRP/USD","T{"ok":true,"generated_{"ok":true,"generated_at":"2026-09-26T08:57:55.139Z","equity":9787.95,"pnl":-212.05,"positions":2,"backtests":15,"markets":["BTC/USD","ETH/USD","SOL/USD","XRP/USD","T{"ok":true,"generated_{"ok":true,"generated_at":"2026-09-26T08:58:58.426Z","equity":9788.44,"pnl":-211.56,"positions":2,"backtests":15,"markets":["BTC/USD","ETH/USD","SOL/USD","XRP/USD","T{"ok":true,"generated_{"ok":true,"generated_at":"2026-09-26T09:00:01.596Z","equity":9790.15,"pnl":-209.85,"positions":2,"backtests":15,"markets":["BTC/USD","ETH/USD","SOL/USD","XRP/USD","T{"ok":true,"generated_{"ok":true,"generated_at":"2026-09-26T09:01:05.391Z","equity":9794.63,"pnl":-205.37,"positions":2,"backtests":15,"markets":["BTC/USD","ETH/USD","SOL/USD","XRP/USD","T{"ok":true,"generated_{"ok":true,"generated_at":"2026-09-26T09:02:08.782Z","equity":9789.57,"pnl":-210.43,"positions":2,"backtests":15,"markets":["BTC/USD","ETH/USD","SOL/USD","XRP/USD","T{"ok":true,"generated_{"ok":true,"generated_at":"2026-09-26T09:03:12.161Z","equity":9784.36,"pnl":-215.64,"positions":2,"backtests":15,"markets":["BTC/USD","ETH/USD","SOL/USD","XRP/USD","T{"ok":true,"generated_{"ok":true,"generated_at":"2026-09-26T09:04:15.496Z","equity":9781.24,"pnl":-218.76,"positions":2,"backtests":15,"markets":["BTC/USD","ETH/USD","SOL/USD","XRP/USD",{"ok":true,"generated_at{"ok":true,"generated_at":"2026-09-26T09:05:18.917Z","equity":9785.38,"pnl":-214.62,"positions":2,"backtests":15,"markets":["BTC/USD","ETH/USD","SOL/USD","XRP/USD",{"ok":true,"generated_at{"ok":true,"generated_at":"2026-09-26T09:06:22.245Z","equity":9800.87,"pnl":-199.13,"positions":2,"backtests":15,"markets":["BTC/USD","ETH/USD","SOL/USD","XRP/USD",{"ok":true,"generated_at{"ok":true,"generated_at":"2026-09-26T09:07:25.585Z","equity":9796.09,"pnl":-203.91,"positions":2,"backtests":15,"markets":["BTC/USD","ETH/USD","SOL/USD","XRP/USD",{"ok":true,"generated_at{"ok":true,"generated_at":"2026-09-26T09:08:28.814Z","equity":9792.64,"pnl":-207.36,"positions":2,"backtests":15,"markets":["BTC/USD","ETH/USD","SOL/USD","XRP/USD",{"ok":true,"generated_at{"ok":true,"generated_at":"2026-09-26T09:09:32.177Z","equity":9829.21,"pnl":-170.79,"positions":2,"backtests":15,"markets":["BTC/USD","ETH/USD","SOL/USD","XRP/USD",{"ok":true,"generated_at{"ok":true,"generated_at":"2026-09-26T09:10:35.661Z","equity":9810.89,"pnl":-189.11,"positions":2,"backtests":15,"markets":["BTC/USD","ETH/USD","SOL/USD","XRP/USD",{"ok":true,"generated_at{"ok":true,"generated_at":"2026-09-26T09:11:39.063Z","equity":9813.06,"pnl":-186.94,"positions":2,"backtests":15,"markets":["BTC/USD","ETH/USD","SOL/USD","XRP/USD",{"ok":true,"generated_at{"ok":true,"generated_at":"2026-09-26T09:12:42.429Z","equity":9816.07,"pnl":-183.93,"positions":2,"backtests":15,"markets":["BTC/USD","ETH/USD","SOL/USD","XRP/USD",{"ok":true,"generated_at{"ok":true,"generated_at":"2026-09-26T09:13:45.685Z","equity":9807.32,"pnl":-192.68,"positions":2,"backtests":15,"markets":["BTC/USD","ETH/USD","SOL/USD","XRP/USD",{"ok":true,"generated_at{"ok":true,"generated_at":"2026-09-26T09:14:49.412Z","equity":9801.62,"pnl":-198.38,"positions":2,"backtests":15,"markets":["BTC/USD","ETH/USD","SOL/USD","XRP/USD",{"ok":true,"generated_at{"ok":true,"generated_at":"2026-09-26T09:15:53.232Z","equity":9794.58,"pnl":-205.42,"positions":2,"backtests":15,"markets":["BTC/USD","ETH/USD","SOL/USD","XRP/USD{"ok":true,"generated_at":{"ok":true,"generated_at":"2026-09-26T09:16:56.568Z","equity":9791.96,"pnl":-208.04,"positions":2,"backtests":15,"markets":["BTC/USD","ETH/USD","SOL/USD","XRP/USD{"ok":true,"generated_at":{"ok":true,"generated_at":"2026-09-26T09:18:00.028Z","equity":9790.75,"pnl":-209.25,"positions":2,"backtests":15,"markets":["BTC/USD","ETH/USD","SOL/USD","XRP/USD{"ok":true,"generated_at":{"ok":true,"generated_at":"2026-09-26T09:19:03.696Z","equity":9794.11,"pnl":-205.89,"positions":2,"backtests":15,"markets":["BTC/USD","ETH/USD","SOL/USD","XRP/USD{"ok":true,"generated_at":{"ok":true,"generated_at":"2026-09-26T09:20:06.966Z","equity":9816,"pnl":-184,"positions":2,"backtests":15,"markets":["BTC/USD","ETH/USD","SOL/USD","XRP/USD","TAO{"ok":true,"generate{"ok":true,"generated_at":"2026-09-26T09:21:10.621Z","equity":9815.23,"pnl":-184.77,"positions":2,"backtests":15,"markets":["BTC/USD","ETH/USD","SOL/USD","XRP/USD","TAO{"ok":true,"generate{"ok":true,"generated_at":"2026-09-26T09:22:13.714Z","equity":9822.1,"pnl":-177.9,"positions":2,"backtests":15,"markets":["BTC/USD","ETH/USD","SOL/USD","XRP/USD","TAO/U{"ok":true,"genera{"ok":true,"generated_at":"2026-09-26T09:23:17.056Z","equity":9820.04,"pnl":-179.96,"positions":2,"backtests":15,"markets":["BTC/USD","ETH/USD","SOL/USD","XRP/USD","TAO/U{"ok":true,"genera{"ok":true,"generated_at":"2026-09-26T09:24:21.200Z","equity":9810.49,"pnl":-189.51,"positions":2,"backtests":15,"markets":["BTC/USD","ETH/USD","SOL/USD","XRP/USD","TAO/U{"ok":true,"genera{"ok":true,"generated_at":"2026-09-26T09:25:24.727Z","equity":9807.28,"pnl":-192.72,"positions":2,"backtests":15,"markets":["BTC/USD","ETH/USD","SOL/USD","XRP/USD","TAO/U{"ok":true,"genera{"ok":true,"generated_at":"2026-09-26T09:26:27.890Z","equity":9808.78,"pnl":-191.22,"positions":2,"backtests":15,"markets":["BTC/USD","ETH/USD","SOL/USD","XRP/USD","TAO/U{"ok":true,"genera{"ok":true,"generated_at":"2026-09-26T09:27:31.062Z","equity":9808.8,"pnl":-191.2,"positions":2,"backtests":15,"markets":["BTC/USD","ETH/USD","SOL/USD","XRP/USD","TAO/USD{"ok":true,"gene{"ok":true,"generated_at":"2026-09-26T09:28:34.263Z","equity":9806.83,"pnl":-193.17,"positions":2,"backtests":15,"markets":["BTC/USD","ETH/USD","SOL/USD","XRP/USD","TAO/USD{"ok":true,"gene{"ok":true,"generated_at":"2026-09-26T09:29:37.889Z","equity":9799.51,"pnl":-200.49,"positions":2,"backtests":15,"markets":["BTC/USD","ETH/USD","SOL/USD","XRP/USD","TAO/U{"ok":true,"genera{"ok":true,"generated_at":"2026-09-26T09:30:41.216Z","equity":9795.26,"pnl":-204.74,"positions":2,"backtests":15,"markets":["BTC/USD","ETH/USD","SOL/USD","XRP/USD","TAO/U{"ok":true,"genera{"ok":true,"generated_at":"2026-09-26T09:31:44.236Z","equity":9789.88,"pnl":-210.12,"positions":2,"backtests":15,"markets":["BTC/USD","ETH/USD","SOL/USD","XRP/USD","TAO{"ok":true,"generate{"ok":true,"generated_at":"2026-09-26T09:32:48.554Z","equity":9797.41,"pnl":-202.59,"positions":2,"backtests":15,"markets":["BTC/USD","ETH/USD","SOL/USD","XRP/USD","TAO{"ok":true,"generate{"ok":true,"generated_at":"2026-09-26T09:33:51.882Z","equity":9784.95,"pnl":-215.05,"positions":2,"backtests":15,"markets":["BTC/USD","ETH/USD","SOL/USD","XRP/USD","TAO{"ok":true,"generate{"ok":true,"generated_at":"2026-09-26T09:34:55.157Z","equity":9791.74,"pnl":-208.26,"positions":2,"backtests":15,"markets":["BTC/USD","ETH/USD","SOL/USD","XRP/USD","TAO{"ok":true,"generate{"ok":true,"generated_at":"2026-09-26T09:35:59.030Z","equity":9788.97,"pnl":-211.03,"positions":2,"backtests":15,"markets":["BTC/USD","ETH/USD","SOL/USD","XRP/USD","TAO{"ok":true,"generate{"ok":true,"generated_at":"2026-09-26T09:37:03.174Z","equity":9788.8,"pnl":-211.2,"positions":2,"backtests":15,"markets":["BTC/USD","ETH/USD","SOL/USD","XRP/USD","TAO/U{"ok":true,"genera{"ok":true,"generated_at":"2026-09-26T09:39:11.061Z","equity":9796.94,"pnl":-203.06,"positions":2,"backtests":15,"markets":["BTC/USD","ETH/USD","SOL/USD","XRP/USD","TAO/USD"],"errors":{}}
{"ok":true,"generated_at":"2026-09-26T09:40:14.756Z","equity":9799.82,"pnl":-200.18,"positions":2,"backtests":15,"markets":["BTC/USD","ETH/USD","SOL/USD","XRP/USD","TAO/USD"],"errors":{}}
{"ok":true,"generated_at":"2026-09-26T09:41:18.371Z","equity":9793.53,"pnl":-206.47,"positions":2,"backtests":15,"markets":["BTC/USD","ETH/USD","SOL/USD","XRP/USD","TAO/USD"],"errors":{}}
{"ok":true,"generated_at":"2026-09-26T09:42:21.539Z","equity":9803.8,"pnl":-196.2,"positions":2,"backtests":15,"markets":["BTC/USD","ETH/USD","SOL/USD","XRP/USD","TAO/USD"],"errors":{}}
{"ok":true,"generated_at":"2026-09-26T09:43:26.191Z","equity":9793.73,"pnl":-206.27,"positions":2,"backtests":15,"markets":["BTC/USD","ETH/USD","SOL/USD","XRP/USD","TAO/USD"],"errors":{}}
{"ok":true,"generated_at":"2026-09-26T09:44:30.536Z","equity":9796.94,"pnl":-203.06,"positions":2,"backtests":15,"markets":["BTC/USD","ETH/USD","SOL/USD","XRP/USD","TAO/USD"],"errors":{}}
{"ok":true,"generated_at":"2026-09-26T09:45:34.203Z","equity":9795.08,"pnl":-204.92,"positions":2,"backtests":15,"markets":["BTC/USD","ETH/USD","SOL/USD","XRP/USD","TAO/USD"],"errors":{}}
{"ok":true,"generated_at":"2026-09-26T09:46:37.672Z","equity":9778.77,"pnl":-221.23,"positions":2,"backtests":15,"markets":["BTC/USD","ETH/USD","SOL/USD","XRP/USD","TAO/USD"],"errors":{}}
{"ok":true,"generated_at":"2026-09-26T09:47:41.048Z","equity":9779.62,"pnl":-220.38,"positions":2,"backtests":15,"markets":["BTC/USD","ETH/USD","SOL/USD","XRP/USD","TAO/USD"],"errors":{}}
{"ok":true,"generated_at":"2026-09-26T09:48:44.292Z","equity":9768.1,"pnl":-231.9,"positions":2,"backtests":15,"markets":["BTC/USD","ETH/USD","SOL/USD","XRP/USD","TAO/USD"],"errors":{}}
{"ok":true,"generated_at":"2026-09-26T09:49:47.837Z","equity":9773.4,"pnl":-226.6,"positions":2,"backtests":15,"markets":["BTC/USD","ETH/USD","SOL/USD","XRP/USD","TAO/USD"],"errors":{}}
{"ok":true,"generated_at":"2026-09-26T09:50:51.421Z","equity":9772.19,"pnl":-227.81,"positions":2,"backtests":15,"markets":["BTC/USD","ETH/USD","SOL/USD","XRP/USD","TAO/USD"],"errors":{}}
{"ok":true,"generated_at":"2026-09-26T09:51:55.032Z","equity":9768.56,"pnl":-231.44,"positions":2,"backtests":15,"markets":["BTC/USD","ETH/USD","SOL/USD","XRP/USD","TAO/USD"],"errors":{}}
{"ok":true,"generated_at":"2026-09-26T09:52:58.392Z","equity":9770.94,"pnl":-229.06,"positions":2,"backtests":15,"markets":["BTC/USD","ETH/USD","SOL/USD","XRP/USD","TAO/USD"],"errors":{}}
{"ok":true,"generated_at":"2026-09-26T09:54:03.019Z","equity":9773.56,"pnl":-226.44,"positions":2,"backtests":15,"markets":["BTC/USD","ETH/USD","SOL/USD","XRP/USD","TAO/USD"],"errors":{}}
{"ok":true,"generated_at":"2026-09-26T09:55:06.592Z","equity":9775.18,"pnl":-224.82,"positions":2,"backtests":15,"markets":["BTC/USD","ETH/USD","SOL/USD","XRP/USD","TAO/USD"],"errors":{}}
{"ok":true,"generated_at":"2026-09-26T09:56:09.941Z","equity":9777.62,"pnl":-222.38,"positions":2,"backtests":15,"markets":["BTC/USD","ETH/USD","SOL/USD","XRP/USD","TAO/USD"],"errors":{}}
{"ok":true,"generated_at":"2026-09-26T09:57:13.352Z","equity":9777.74,"pnl":-222.26,"positions":2,"backtests":15,"markets":["BTC/USD","ETH/USD","SOL/USD","XRP/USD","TAO/USD"],"errors":{}}
{"ok":true,"generated_at":"2026-09-26T09:58:16.840Z","equity":9773.58,"pnl":-226.42,"positions":2,"backtests":15,"markets":["BTC/USD","ETH/USD","SOL/USD","XRP/USD","TAO/USD"],"errors":{}}
{"ok":true,"generated_at":"2026-09-26T09:59:20.323Z","equity":9772.23,"pnl":-227.77,"positions":2,"backtests":15,"markets":["BTC/USD","ETH/USD","SOL/USD","XRP/USD","TAO/USD"],"errors":{}}
{"ok":true,"generated_at":"2026-09-26T10:00:23.700Z","equity":9765.13,"pnl":-234.87,"positions":1,"backtests":15,"markets":["BTC/USD","ETH/USD","SOL/USD","XRP/USD","TAO/USD"],"errors":{}}
{"ok":true,"generated_at":"2026-09-26T10:01:28.069Z","equity":9775.16,"pnl":-224.84,"positions":1,"backtests":15,"markets":["BTC/USD","ETH/USD","SOL/USD","XRP/USD","TAO/USD"],"errors":{}}
{"ok":true,"generated_at":"2026-09-26T10:02:32.183Z","equity":9780.34,"pnl":-219.66,"positions":1,"backtests":15,"markets":["BTC/USD","ETH/USD","SOL/USD","XRP/USD","TAO/USD"],"errors":{}}
{"ok":true,"generated_at":"2026-09-26T10:03:35.791Z","equity":9783.86,"pnl":-216.14,"positions":1,"backtests":15,"markets":["BTC/USD","ETH/USD","SOL/USD","XRP/USD","TAO/USD"],"errors":{}}
{"ok":true,"generated_at":"2026-09-26T10:04:39.251Z","equity":9789.26,"pnl":-210.74,"positions":1,"backtests":15,"markets":["BTC/USD","ETH/USD","SOL/USD","XRP/USD","TAO/USD"],"errors":{}}
{"ok":true,"generated_at":"2026-09-26T10:05:43.230Z","equity":9795.66,"pnl":-204.34,"positions":1,"backtests":15,"markets":["BTC/USD","ETH/USD","SOL/USD","XRP/USD","TAO/USD"],"errors":{}}
{"ok":true,"generated_at":"2026-09-26T10:06:46.879Z","equity":9793.67,"pnl":-206.33,"positions":1,"backtests":15,"markets":["BTC/USD","ETH/USD","SOL/USD","XRP/USD","TAO/USD"],"errors":{}}
{"ok":true,"generated_at":"2026-09-26T10:07:50.172Z","equity":9798.3,"pnl":-201.7,"positions":1,"backtests":15,"markets":["BTC/USD","ETH/USD","SOL/USD","XRP/USD","TAO/USD"],"errors":{}}
{"ok":true,"generated_at":"2026-09-26T10:08:57.066Z","equity":9801.5,"pnl":-198.5,"positions":1,"backtests":15,"markets":["BTC/USD","ETH/USD","SOL/USD","XRP/USD","TAO/USD"],"errors":{}}
{"ok":true,"generated_at":"2026-09-26T10:10:00.123Z","equity":9803.81,"pnl":-196.19,"positions":1,"backtests":15,"markets":["BTC/USD","ETH/USD","SOL/USD","XRP/USD","TAO/USD"],"errors":{}}
{"ok":true,"generated_at":"2026-09-26T10:11:03.407Z","equity":9804.8,"pnl":-195.2,"positions":1,"backtests":15,"markets":["BTC/USD","ETH/USD","SOL/USD","XRP/USD","TAO/USD"],"errors":{}}
{"ok":true,"generated_at":"2026-09-26T10:12:06.666Z","equity":9808.22,"pnl":-191.78,"positions":1,"backtests":15,"markets":["BTC/USD","ETH/USD","SOL/USD","XRP/USD","TAO/USD"],"errors":{}}
{"ok":true,"generated_at":"2026-09-26T10:13:10.252Z","equity":9817.92,"pnl":-182.08,"positions":1,"backtests":15,"markets":["BTC/USD","ETH/USD","SOL/USD","XRP/USD","TAO/USD"],"errors":{}}
{"ok":true,"generated_at":"2026-09-26T10:14:14.192Z","equity":9815.94,"pnl":-184.06,"positions":1,"backtests":15,"markets":["BTC/USD","ETH/USD","SOL/USD","XRP/USD","TAO/USD"],"errors":{}}
{"ok":true,"generated_at":"2026-09-26T10:15:18.170Z","equity":9820.9,"pnl":-179.1,"positions":1,"backtests":15,"markets":["BTC/USD","ETH/USD","SOL/USD","XRP/USD","TAO/USD"],"errors":{}}
{"ok":true,"generated_at":"2026-09-26T10:16:22.039Z","equity":9824.53,"pnl":-175.47,"positions":1,"backtests":15,"markets":["BTC/USD","ETH/USD","SOL/USD","XRP/USD","TAO/USD"],"errors":{}}
{"ok":true,"generated_at":"2026-09-26T10:17:26.471Z","equity":9822.44,"pnl":-177.56,"positions":1,"backtests":15,"markets":["BTC/USD","ETH/USD","SOL/USD","XRP/USD","TAO/USD"],"errors":{}}
{"ok":true,"generated_at":"2026-09-26T10:18:30.534Z","equity":9823.43,"pnl":-176.57,"positions":1,"backtests":15,"markets":["BTC/USD","ETH/USD","SOL/USD","XRP/USD","TAO/USD"],"errors":{}}
{"ok":true,"generated_at":"2026-09-26T10:19:34.438Z","equity":9829.82,"pnl":-170.18,"positions":1,"backtests":15,"markets":["BTC/USD","ETH/USD","SOL/USD","XRP/USD","TAO/USD"],"errors":{}}
{"ok":true,"generated_at":"2026-09-26T10:20:39.292Z","equity":9826.96,"pnl":-173.04,"positions":1,"backtests":15,"markets":["BTC/USD","ETH/USD","SOL/USD","XRP/USD","TAO/USD"],"errors":{}}
{"ok":true,"generated_at":"2026-09-26T10:21:42.914Z","equity":9825.63,"pnl":-174.37,"positions":1,"backtests":15,"markets":["BTC/USD","ETH/USD","SOL/USD","XRP/USD","TAO/USD"],"errors":{}}
{"ok":true,"generated_at":"2026-09-26T10:22:46.177Z","equity":9825.63,"pnl":-174.37,"positions":1,"backtests":15,"markets":["BTC/USD","ETH/USD","SOL/USD","XRP/USD","TAO/USD"],"errors":{}}
{"ok":true,"generated_at":"2026-09-26T10:23:49.478Z","equity":9820.34,"pnl":-179.66,"positions":1,"backtests":15,"markets":["BTC/USD","ETH/USD","SOL/USD","XRP/USD","TAO/USD"],"errors":{}}
{"ok":true,"generated_at":"2026-09-26T10:24:53.104Z","equity":9822.44,"pnl":-177.56,"positions":1,"backtests":15,"markets":["BTC/USD","ETH/USD","SOL/USD","XRP/USD","TAO/USD"],"errors":{}}
{"ok":true,"generated_at":"2026-09-26T10:25:56.406Z","equity":9817.92,"pnl":-182.08,"positions":1,"backtests":15,"markets":["BTC/USD","ETH/USD","SOL/USD","XRP/USD","TAO/USD"],"errors":{}}
{"ok":true,"generated_at":"2026-09-26T10:26:59.666Z","equity":9817.59,"pnl":-182.41,"positions":1,"backtests":15,"markets":["BTC/USD","ETH/USD","SOL/USD","XRP/USD","TAO/USD"],"errors":{}}
{"ok":true,"generated_at":"2026-09-26T10:28:03.482Z","equity":9824.64,"pnl":-175.36,"positions":1,"backtests":15,"markets":["BTC/USD","ETH/USD","SOL/USD","XRP/USD","TAO/USD"],"errors":{}}
{"ok":true,"generated_at":"2026-09-26T10:29:07.028Z","equity":9824.64,"pnl":-175.36,"positions":1,"backtests":15,"markets":["BTC/USD","ETH/USD","SOL/USD","XRP/USD","TAO/USD"],"errors":{}}
{"ok":true,"generated_at":"2026-09-26T10:30:10.489Z","equity":9821.45,"pnl":-178.55,"positions":1,"backtests":15,"markets":["BTC/USD","ETH/USD","SOL/USD","XRP/USD","TAO/USD"],"errors":{}}
{"ok":true,"generated_at":"2026-09-26T10:31:13.662Z","equity":9821.45,"pnl":-178.55,"positions":1,"backtests":15,"markets":["BTC/USD","ETH/USD","SOL/USD","XRP/USD","TAO/USD"],"errors":{}}
{"ok":true,"generated_at":"2026-09-26T10:32:16.864Z","equity":9829.82,"pnl":-170.18,"positions":1,"backtests":15,"markets":["BTC/USD","ETH/USD","SOL/USD","XRP/USD","TAO/USD"],"errors":{}}
{"ok":true,"generated_at":"2026-09-26T10:33:20.495Z","equity":9824.42,"pnl":-175.58,"positions":1,"backtests":15,"markets":["BTC/USD","ETH/USD","SOL/USD","XRP/USD","TAO/USD"],"errors":{}}
{"ok":true,"generated_at":"2026-09-26T10:34:24.094Z","equity":9832.47,"pnl":-167.53,"positions":1,"backtests":15,"markets":["BTC/USD","ETH/USD","SOL/USD","XRP/USD","TAO/USD"],"errors":{}}
{"ok":true,"generated_at":"2026-09-26T10:35:27.599Z","equity":9832.36,"pnl":-167.64,"positions":1,"backtests":15,"markets":["BTC/USD","ETH/USD","SOL/USD","XRP/USD","TAO/USD"],"errors":{}}
{"ok":true,"generated_at":"2026-09-26T10:36:31.042Z","equity":9833.9,"pnl":-166.1,"positions":1,"backtests":15,"markets":["BTC/USD","ETH/USD","SOL/USD","XRP/USD","TAO/USD"],"errors":{}}
{"ok":true,"generated_at":"2026-09-26T10:37:34.342Z","equity":9831.81,"pnl":-168.19,"positions":1,"backtests":15,"markets":["BTC/USD","ETH/USD","SOL/USD","XRP/USD","TAO/USD"],"errors":{}}
{"ok":true,"generated_at":"2026-09-26T10:38:38.098Z","equity":9832.03,"pnl":-167.97,"positions":1,"backtests":15,"markets":["BTC/USD","ETH/USD","SOL/USD","XRP/USD","TAO/USD"],"errors":{}}
{"ok":true,"generated_at":"2026-09-26T10:39:41.711Z","equity":9834.01,"pnl":-165.99,"positions":1,"backtests":15,"markets":["BTC/USD","ETH/USD","SOL/USD","XRP/USD","TAO/USD"],"errors":{}}
{"ok":true,"generated_at":"2026-09-26T10:40:44.988Z","equity":9828.83,"pnl":-171.17,"positions":1,"backtests":15,"markets":["BTC/USD","ETH/USD","SOL/USD","XRP/USD","TAO/USD"],"errors":{}}
{"ok":true,"generated_at":"2026-09-26T10:41:48.328Z","equity":9831.81,"pnl":-168.19,"positions":1,"backtests":15,"markets":["BTC/USD","ETH/USD","SOL/USD","XRP/USD","TAO/USD"],"errors":{}}
{"ok":true,"generated_at":"2026-09-26T10:42:51.501Z","equity":9824.53,"pnl":-175.47,"positions":1,"backtests":15,"markets":["BTC/USD","ETH/USD","SOL/USD","XRP/USD","TAO/USD"],"errors":{}}
{"ok":true,"generated_at":"2026-09-26T10:43:54.980Z","equity":9821.12,"pnl":-178.88,"positions":1,"backtests":15,"markets":["BTC/USD","ETH/USD","SOL/USD","XRP/USD","TAO/USD"],"errors":{}}
{"ok":true,"generated_at":"2026-09-26T10:44:58.685Z","equity":9821.56,"pnl":-178.44,"positions":1,"backtests":15,"markets":["BTC/USD","ETH/USD","SOL/USD","XRP/USD","TAO/USD"],"errors":{}}
{"ok":true,"generated_at":"2026-09-26T10:46:02.446Z","equity":9821.12,"pnl":-178.88,"positions":1,"backtests":15,"markets":["BTC/USD","ETH/USD","SOL/USD","XRP/USD","TAO/USD"],"errors":{}}
{"ok":true,"generated_at":"2026-09-26T10:47:06.390Z","equity":9818.91,"pnl":-181.09,"positions":1,"backtests":15,"markets":["BTC/USD","ETH/USD","SOL/USD","XRP/USD","TAO/USD"],"errors":{}}
{"ok":true,"generated_at":"2026-09-26T10:48:09.694Z","equity":9818.69,"pnl":-181.31,"positions":1,"backtests":15,"markets":["BTC/USD","ETH/USD","SOL/USD","XRP/USD","TAO/USD"],"errors":{}}
{"ok":true,"generated_at":"2026-09-26T10:49:13.200Z","equity":9817.81,"pnl":-182.19,"positions":1,"backtests":15,"markets":["BTC/USD","ETH/USD","SOL/USD","XRP/USD","TAO/USD"],"errors":{}}
{"ok":true,"generated_at":"2026-09-26T10:50:16.865Z","equity":9817.59,"pnl":-182.41,"positions":1,"backtests":15,"markets":["BTC/USD","ETH/USD","SOL/USD","XRP/USD","TAO/USD"],"errors":{}}
{"ok":true,"generated_at":"2026-09-26T10:51:21.707Z","equity":9819.24,"pnl":-180.76,"positions":1,"backtests":15,"markets":["BTC/USD","ETH/USD","SOL/USD","XRP/USD","TAO/USD"],"errors":{}}
{"ok":true,"generated_at":"2026-09-26T10:52:26.373Z","equity":9821.23,"pnl":-178.77,"positions":1,"backtests":15,"markets":["BTC/USD","ETH/USD","SOL/USD","XRP/USD","TAO/USD"],"errors":{}}
{"ok":true,"generated_at":"2026-09-26T10:53:30.351Z","equity":9828.5,"pnl":-171.5,"positions":1,"backtests":15,"markets":["BTC/USD","ETH/USD","SOL/USD","XRP/USD","TAO/USD"],"errors":{}}
{"ok":true,"generated_at":"2026-09-26T10:54:34.336Z","equity":9832.47,"pnl":-167.53,"positions":1,"backtests":15,"markets":["BTC/USD","ETH/USD","SOL/USD","XRP/USD","TAO/USD"],"errors":{}}
{"ok":true,"generated_at":"2026-09-26T10:55:37.899Z","equity":9828.72,"pnl":-171.28,"positions":1,"backtests":15,"markets":["BTC/USD","ETH/USD","SOL/USD","XRP/USD","TAO/USD"],"errors":{}}
{"ok":true,"generated_at":"2026-09-26T10:56:41.463Z","equity":9842.06,"pnl":-157.94,"positions":1,"backtests":15,"markets":["BTC/USD","ETH/USD","SOL/USD","XRP/USD","TAO/USD"],"errors":{}}
{"ok":true,"generated_at":"2026-09-26T10:57:45.915Z","equity":9833.24,"pnl":-166.76,"positions":1,"backtests":15,"markets":["BTC/USD","ETH/USD","SOL/USD","XRP/USD","TAO/USD"],"errors":{}}
{"ok":true,"generated_at":"2026-09-26T10:58:49.362Z","equity":9834.89,"pnl":-165.11,"positions":1,"backtests":15,"markets":["BTC/USD","ETH/USD","SOL/USD","XRP/USD","TAO/USD"],"errors":{}}
{"ok":true,"generated_at":"2026-09-26T10:59:53.746Z","equity":9836.99,"pnl":-163.01,"positions":1,"backtests":15,"markets":["BTC/USD","ETH/USD","SOL/USD","XRP/USD","TAO/USD"],"errors":{}}
{"ok":true,"generated_at":"2026-09-26T11:00:56.941Z","equity":9834.57,"pnl":-165.43,"positions":2,"backtests":15,"markets":["BTC/USD","ETH/USD","SOL/USD","XRP/USD","TAO/USD"],"errors":{}}
{"ok":true,"generated_at":"2026-09-26T11:02:00.387Z","equity":9824.99,"pnl":-175.01,"positions":2,"backtests":15,"markets":["BTC/USD","ETH/USD","SOL/USD","XRP/USD","TAO/USD"],"errors":{}}
{"ok":true,"generated_at":"2026-09-26T11:03:04.044Z","equity":9827.6,"pnl":-172.4,"positions":2,"backtests":15,"markets":["BTC/USD","ETH/USD","SOL/USD","XRP/USD","TAO/USD"],"errors":{}}
{"ok":true,"generated_at":"2026-09-26T11:04:07.387Z","equity":9823.76,"pnl":-176.24,"positions":2,"backtests":15,"markets":["BTC/USD","ETH/USD","SOL/USD","XRP/USD","TAO/USD"],"errors":{}}
{"ok":true,"generated_at":"2026-09-26T11:05:10.791Z","equity":9824.57,"pnl":-175.43,"positions":2,"backtests":15,"markets":["BTC/USD","ETH/USD","SOL/USD","XRP/USD","TAO/USD"],"errors":{}}
{"ok":true,"generated_at":"2026-09-26T11:06:15.893Z","equity":9828.91,"pnl":-171.09,"positions":2,"backtests":15,"markets":["BTC/USD","ETH/USD","SOL/USD","XRP/USD","TAO/USD"],"errors":{}}
{"ok":true,"generated_at":"2026-09-26T11:07:19.492Z","equity":9828.51,"pnl":-171.49,"positions":2,"backtests":15,"markets":["BTC/USD","ETH/USD","SOL/USD","XRP/USD","TAO/USD"],"errors":{}}
{"ok":true,"generated_at":"2026-09-26T11:08:22.893Z","equity":9836.01,"pnl":-163.99,"positions":2,"backtests":15,"markets":["BTC/USD","ETH/USD","SOL/USD","XRP/USD","TAO/USD"],"errors":{}}
{"ok":true,"generated_at":"2026-09-26T11:09:26.428Z","equity":9832.28,"pnl":-167.72,"positions":2,"backtests":15,"markets":["BTC/USD","ETH/USD","SOL/USD","XRP/USD","TAO/USD"],"errors":{}}
{"ok":true,"generated_at":"2026-09-26T11:10:29.941Z","equity":9827.68,"pnl":-172.32,"positions":2,"backtests":15,"markets":["BTC/USD","ETH/USD","SOL/USD","XRP/USD","TAO/USD"],"errors":{}}
{"ok":true,"generated_at":"2026-09-26T11:11:34.052Z","equity":9822.17,"pnl":-177.83,"positions":2,"backtests":15,"markets":["BTC/USD","ETH/USD","SOL/USD","XRP/USD","TAO/USD"],"errors":{}}
{"ok":true,"generated_at":"2026-09-26T11:12:38.192Z","equity":9817.93,"pnl":-182.07,"positions":2,"backtests":15,"markets":["BTC/USD","ETH/USD","SOL/USD","XRP/USD","TAO/USD"],"errors":{}}
{"ok":true,"generated_at":"2026-09-26T11:13:41.643Z","equity":9823.79,"pnl":-176.21,"positions":2,"backtests":15,"markets":["BTC/USD","ETH/USD","SOL/USD","XRP/USD","TAO/USD"],"errors":{}}
{"ok":true,"generated_at":"2026-09-26T11:14:44.956Z","equity":9826.2,"pnl":-173.8,"positions":2,"backtests":15,"markets":["BTC/USD","ETH/USD","SOL/USD","XRP/USD{"ok":true,"generated_at":{"ok":true,"generated_at":"2026-09-26T11:15:49.351Z","equity":9830.63,"pnl":-169.37,"positions":2,"backtests":15,"markets":["BTC/USD","ETH/USD","SOL/USD","XRP/U{"ok":true,"generated_at":"2{"ok":true,"generated_at":"2026-09-26T11:16:53.358Z","equity":9835.46,"pnl":-164.54,"positions":2,"backtests":15,"markets":["BTC/USD","ETH/USD","SOL/USD","XRP{"ok":true,"generated_at":"202{"ok":true,"generated_at":"2026-09-26T11:17:56.848Z","equity":9846.38,"pnl":-153.62,"positions":2,"backtests":15,"markets":["BTC/USD","ETH/USD","SOL/USD","XRP{"ok":true,"generated_at":"202{"ok":true,"generated_at":"2026-09-26T11:19:00.872Z","equity":9846.51,"pnl":-153.49,"positions":2,"backtests":15,"markets":["BTC/USD","ETH/USD","SOL/USD","XRP{"ok":true,"generated_at":"202{"ok":true,"generated_at":"2026-09-26T11:20:04.397Z","equity":9839.72,"pnl":-160.28,"positions":2,"backtests":15,"markets":["BTC/USD","ETH/USD","SOL/USD","XRP{"ok":true,"generated_at":"202{"ok":true,"generated_at":"2026-09-26T11:21:08.156Z","equity":9833.7,"pnl":-166.3,"positions":2,"backtests":15,"markets":["BTC/USD","ETH/USD","SOL/USD","XRP/U{"ok":true,"generated_at":"2{"ok":true,"generated_at":"2026-09-26T11:22:11.802Z","equity":9831.72,"pnl":-168.28,"positions":2,"backtests":15,"markets":["BTC/USD","ETH/USD","SOL/USD","XRP/U{"ok":true,"generated_at":"2{"ok":true,"generated_at":"2026-09-26T11:23:15.645Z","equity":9829.27,"pnl":-170.73,"positions":2,"backtests":15,"markets":["BTC/USD","ETH/USD","SOL/USD","XRP/U{"ok":true,"generated_at":"2{"ok":true,"generated_at":"2026-09-26T11:24:19.457Z","equity":9834.34,"pnl":-165.66,"positions":2,"backtests":15,"markets":["BTC/USD","ETH/USD","SOL/USD","XRP/USD","TAO/USD"],"errors":{}}
{"ok":true,"generated_at":"2026-09-26T11:25:22.949Z","equity":9828.67,"pnl":-171.33,"positions":2,"backtests":15,"markets":["BTC/USD","ETH/USD","SOL/USD","XRP/USD","TAO/USD"],"errors":{}}
{"ok":true,"generated_at":"2026-09-26T11:26:26.525Z","equity":9835.35,"pnl":-164.65,"positions":2,"backtests":15,"markets":["BTC/USD","ETH/USD","SOL/USD","XRP/U{"ok":true,"generated_at":"2{"ok":true,"generated_at":"2026-09-26T11:27:30.103Z","equity":9847.94,"pnl":-152.06,"positions":2,"backtests":15,"markets":["BTC/USD","ETH/USD","SOL/USD","XRP/U{"ok":true,"generated_at":"2{"ok":true,"generated_at":"2026-09-26T11:28:33.479Z","equity":9844.41,"pnl":-155.59,"positions":2,"backtests":15,"markets":["BTC/USD","ETH/USD","SOL/USD","XRP/U{"ok":true,"generated_at":"2{"ok":true,"generated_at":"2026-09-26T11:29:37.509Z","equity":9852.81,"pnl":-147.19,"positions":2,"backtests":15,"markets":["BTC/USD","ETH/USD","SOL/USD","XRP/USD","TAO/USD"],"errors":{}}
{"ok":true,"generated_at":"2026-09-26T11:31:45.136Z","equity":9837.64,"pnl":-162.36,"positions":2,"backtests":15,"markets":["BTC/USD","ETH/USD","SOL/USD","XRP/USD","TAO/USD"],"errors":{}}
{"ok":true,"generated_at":"2026-09-26T11:32:49.709Z","equity":9835.06,"pnl":-164.94,"positions":2,"backtests":15,"markets":["BTC/USD","ETH/USD","SOL/USD","XRP/USD","TAO/USD"],"errors":{}}
{"ok":true,"generated_at":"2026-09-26T11:33:53.465Z","equity":9839.92,"pnl":-160.08,"positions":2,"backtests":15,"markets":["BTC/USD","ETH/USD","SOL/USD","XRP/USD","TAO/USD"],"errors":{}}
{"ok":true,"generated_at":"2026-09-26T11:34:56.706Z","equity":9841.18,"pnl":-158.82,"positions":2,"backtests":15,"markets":["BTC/USD","ETH/USD","SOL/USD","XRP/USD","TAO/USD"],"errors":{}}
{"ok":true,"generated_at":"2026-09-26T11:36:00.372Z","equity":9851.43,"pnl":-148.57,"positions":2,"backtests":15,"markets":["BTC/USD","ETH/USD","SOL/USD","XRP/USD","TAO/USD"],"errors":{}}
{"ok":true,"generated_at":"2026-09-26T11:37:04.259Z","equity":9860.96,"pnl":-139.04,"positions":2,"backtests":15,"markets":["BTC/USD","ETH/USD","SOL/USD","XRP/USD","TAO/USD"],"errors":{}}
{"ok":true,"generated_at":"2026-09-26T11:38:08.684Z","equity":9858.1,"pnl":-141.9,"positions":2,"backtests":15,"markets":["BTC/USD","ETH/USD","SOL/USD","XRP/USD","TAO/USD"],"errors":{}}
{"ok":true,"generated_at":"2026-09-26T11:39:11.998Z","equity":9861.8,"pnl":-138.2,"positions":2,"backtests":15,"markets":["BTC/USD","ETH/USD","SOL/USD","XRP/USD","TAO/USD"],"errors":{}}
{"ok":true,"generated_at":"2026-09-26T11:40:15.654Z","equity":9869.99,"pnl":-130.01,"positions":2,"backtests":15,"markets":["BTC/USD","ETH/USD","SOL/USD","XRP/USD","TAO/USD"],"errors":{}}
{"ok":true,"generated_at":"2026-09-26T11:41:19.297Z","equity":9871.18,"pnl":-128.82,"positions":2,"backtests":15,"markets":["BTC/USD","ETH/USD","SOL/USD","XRP/USD","TAO/USD"],"errors":{}}
{"ok":true,"generated_at":"2026-09-26T11:42:22.923Z","equity":9875.49,"pnl":-124.51,"positions":2,"backtests":15,"markets":["BTC/USD","ETH/USD","SOL/USD","XRP/USD","TAO/USD"],"errors":{}}
{"ok":true,"generated_at":"2026-09-26T11:43:27.270Z","equity":9876.69,"pnl":-123.31,"positions":2,"backtests":15,"markets":["BTC/USD","ETH/USD","SOL/USD","XRP/USD","TAO/USD"],"errors":{}}
{"ok":true,"generated_at":"2026-09-26T11:44:30.689Z","equity":9876.84,"pnl":-123.16,"positions":2,"backtests":15,"markets":["BTC/USD","ETH/USD","SOL/USD","XRP{"ok":true,"generated_at":"202{"ok":true,"generated_at":"2026-09-26T11:45:34.211Z","equity":9881.94,"pnl":-118.06,"positions":2,"backtests":15,"markets":["BTC/USD","ETH/USD","SOL/USD","XRP{"ok":true,"generated_at":"202{"ok":true,"generated_at":"2026-09-26T11:46:37.885Z","equity":9884.15,"pnl":-115.85,"positions":2,"backtests":15,"markets":["BTC/USD","ETH/USD","SOL/USD","X{"ok":true,"generated_at":"2026-{"ok":true,"generated_at":"2026-09-26T11:47:42.917Z","equity":9888.37,"pnl":-111.63,"positions":2,"backtests":15,"markets":["BTC/USD","ETH/USD","SOL/USD","XRP/USD","TAO/USD"],"errors":{}}
{"ok":true,"generated_at":"2026-09-26T11:48:47.294Z","equity":9892.98,"pnl":-107.02,"positions":2,"backtests":15,"markets":["BTC/USD","ETH/USD","SOL/USD","X{"ok":true,"generated_at":"2026-{"ok":true,"generated_at":"2026-09-26T11:49:51.668Z","equity":9897.99,"pnl":-102.01,"positions":2,"backtests":15,"markets":["BTC/USD","ETH/USD","SOL/USD","X{"ok":true,"generated_at":"2026-{"ok":true,"generated_at":"2026-09-26T11:50:55.871Z","equity":9907.08,"pnl":-92.92,"positions":2,"backtests":15,"markets":["BTC/USD","ETH/USD","SOL/USD","XR{"ok":true,"generated_at":"2026{"ok":true,"generated_at":"2026-09-26T11:52:00.734Z","equity":9951.87,"pnl":-48.13,"positions":2,"backtests":15,"markets":["BTC/USD","ETH/USD","SOL/USD","XRP/USD","TAO/USD"],"errors":{}}
{"ok":true,"generated_at":"2026-09-26T11:53:04.288Z","equity":9962.69,"pnl":-37.31,"positions":2,"backtests":15,"markets":["BTC/USD","ETH/USD","SOL/USD","XRP/USD","TAO/USD"],"errors":{}}
{"ok":true,"generated_at":"2026-09-26T11:54:07.698Z","equity":9974.44,"pnl":-25.56,"positions":2,"backtests":15,"markets":["BTC/USD","ETH/USD","SOL/USD","XRP/USD","TAO/USD"],"errors":{}}
{"ok":true,"generated_at":"2026-09-26T11:55:11.303Z","equity":9978.28,"pnl":-21.72,"positions":2,"backtests":15,"markets":["BTC/USD","ETH/USD","SOL/USD","XRP/USD","TAO/USD"],"errors":{}}
{"ok":true,"generated_at":"2026-09-26T11:56:14.961Z","equity":9978.8,"pnl":-21.2,"positions":2,"backtests":15,"markets":["BTC/USD","ETH/USD","SOL/USD","XRP/USD","TAO/USD"],"errors":{}}
{"ok":true,"generated_at":"2026-09-26T11:57:18.522Z","equity":9962.18,"pnl":-37.82,"positions":2,"backtests":15,"markets":["BTC/USD","ETH/USD","SOL/USD","XRP/USD","TAO/USD"],"errors":{}}
{"ok":true,"generated_at":"2026-09-26T11:58:22.055Z","equity":9961,"pnl":-39,"positions":2,"backtests":15,"markets":["BTC/USD","ETH/USD","SOL/USD","XRP/USD","TAO/USD"],"errors":{}}
{"ok":true,"generated_at":"2026-09-26T11:59:25.522Z","equity":9957.8,"pnl":-42.2,"positions":2,"backtests":15,"markets":["BTC/USD","ETH/USD","SOL/USD","XRP/USD","TAO/USD"],"errors":{}}
{"ok":true,"generated_at":"2026-09-26T12:00:29.165Z","equity":9856.25,"pnl":-143.75,"positions":1,"backtests":15,"markets":["BTC/USD","ETH/USD","SOL/USD","XRP/USD","TAO/USD"],"errors":{}}
{"ok":true,"generated_at":"2026-09-26T12:01:32.496Z","equity":9856.54,"pnl":-143.46,"positions":1,"backtests":15,"markets":["BTC/USD","ETH/USD","SOL/USD","XRP/USD","TAO/USD"],"errors":{}}
{"ok":true,"generated_at":"2026-09-26T12:02:36.195Z","equity":9855.97,"pnl":-144.03,"positions":1,"backtests":15,"markets":["BTC/USD","ETH/USD","SOL/USD","XRP/USD","TAO/USD"],"errors":{}}
{"ok":true,"generated_at":"2026-09-26T12:03:39.694Z","equity":9852.83,"pnl":-147.17,"positions":1,"backtests":15,"markets":["BTC/USD","ETH/USD","SOL/USD","XRP/USD","TAO/USD"],"errors":{}}
{"ok":true,"generated_at":"2026-09-26T12:04:43.218Z","equity":9852.83,"pnl":-147.17,"positions":1,"backtests":15,"markets":["BTC/USD","ETH/USD","SOL/USD",{"ok":true,"generated_at":"2026-09{"ok":true,"generated_at":"2026-09-26T12:05:46.764Z","equity":9855.4,"pnl":-144.6,"positions":1,"backtests":15,"markets":["BTC/USD","ETH/USD","SOL/USD","X{"ok":true,"generated_at":"2026-{"ok":true,"generated_at":"2026-09-26T12:06:50.184Z","equity":9856.54,"pnl":-143.46,"positions":1,"backtests":15,"markets":["BTC/USD","ETH/USD","SOL/USD",{"ok":true,"generated_at":"2026-09{"ok":true,"generated_at":"2026-09-26T12:07:53.761Z","equity":9856.54,"pnl":-143.46,"positions":1,"backtests":15,"markets":["BTC/USD","ETH/USD","SOL/USD",{"ok":true,"generated_at":"2026-09{"ok":true,"generated_at":"2026-09-26T12:08:57.683Z","equity":9855.68,"pnl":-144.32,"positions":1,"backtests":15,"markets":["BTC/USD","ETH/USD","SOL/USD","XRP/USD","TAO/USD"],"errors":{}}
{"ok":true,"generated_at":"2026-09-26T12:10:01.299Z","equity":9858.25,"pnl":-141.75,"positions":1,"backtests":15,"markets":["BTC/USD","ETH/USD","SOL/USD","XRP/USD","TAO/USD"],"errors":{}}
{"ok":true,"generated_at":"2026-09-26T12:11:04.914Z","equity":9854.54,"pnl":-145.46,"positions":1,"backtests":15,"markets":["BTC/USD","ETH/USD","SOL/USD","XRP/USD","TAO/USD"],"errors":{}}
{"ok":true,"generated_at":"2026-09-26T12:12:08.329Z","equity":9851.41,"pnl":-148.59,"positions":1,"backtests":15,"markets":["BTC/USD","ETH/USD","SOL/USD","XRP/USD","TAO/USD"],"errors":{}}
{"ok":true,"generated_at":"2026-09-26T12:13:12.171Z","equity":9853.12,"pnl":-146.88,"positions":1,"backtests":15,"markets":["BTC/USD","ETH/USD","SOL/USD","XRP/USD","TAO/USD"],"errors":{}}
{"ok":true,"generated_at":"2026-09-26T12:14:16.677Z","equity":9855.97,"pnl":-144.03,"positions":1,"backtests":15,"markets":["BTC/USD","ETH/USD","SOL/USD","XRP/USD","TAO/USD"],"errors":{}}
{"ok":true,"generated_at":"2026-09-26T12:15:21.522Z","equity":9857.11,"pnl":-142.89,"positions":1,"backtests":15,"markets":["BTC/USD","ETH/USD","SOL/USD","XRP/USD","TAO/USD"],"errors":{}}
{"ok":true,"generated_at":"2026-09-26T12:16:24.632Z","equity":9861.66,"pnl":-138.34,"positions":1,"backtests":15,"markets":["BTC/USD","ETH/USD","SOL/USD","XRP/USD","TAO/USD"],"errors":{}}
{"ok":true,"generated_at":"2026-09-26T12:17:27.986Z","equity":9864.23,"pnl":-135.77,"positions":1,"backtests":15,"markets":["BTC/USD","ETH/USD","SOL/USD","XRP/USD","TAO/USD"],"errors":{}}
{"ok":true,"generated_at":"2026-09-26T12:18:31.274Z","equity":9863.66,"pnl":-136.34,"positions":1,"backtests":15,"markets":["BTC/USD","ETH/USD","SOL/USD","XRP/USD","TAO/USD"],"errors":{}}
{"ok":true,"generated_at":"2026-09-26T12:19:34.584Z","equity":9863.94,"pnl":-136.06,"positions":1,"backtests":15,"markets":["BTC/USD","ETH/USD","SOL/USD","XRP/USD","TAO/USD"],"errors":{}}
{"ok":true,"generated_at":"2026-09-26T12:20:38.342Z","equity":9860.81,"pnl":-139.19,"positions":1,"backtests":15,"markets":["BTC/USD","ETH/USD","SOL/USD","XRP/USD","TAO/USD"],"errors":{}}
{"ok":true,"generated_at":"2026-09-26T12:21:41.728Z","equity":9857.39,"pnl":-142.61,"positions":1,"backtests":15,"markets":["BTC/USD","ETH/USD","SOL/USD","XRP/USD","TAO/USD"],"errors":{}}
{"ok":true,"generated_at":"2026-09-26T12:22:45.249Z","equity":9855.68,"pnl":-144.32,"positions":1,"backtests":15,"markets":["BTC/USD","ETH/USD","SOL/USD",{"ok":true,"generated_at":"2026-09{"ok":true,"generated_at":"2026-09-26T12:23:48.817Z","equity":9856.25,"pnl":-143.75,"positions":1,"backtests":15,"markets":["BTC/USD","ETH/USD","SOL/USD",{"ok":true,"generated_at":"2026-09{"ok":true,"generated_at":"2026-09-26T12:24:53.508Z","equity":9854.83,"pnl":-145.17,"positions":1,"backtests":15,"markets":["BTC/USD","ETH/USD","SOL/USD","XRP/USD","TAO/USD"],"errors":{}}
{"ok":true,"generated_at":"2026-09-26T12:25:56.864Z","equity":9853.69,"pnl":-146.31,"positions":1,"backtests":15,"markets":["BTC/USD","ETH/USD","SOL/USD","XRP/USD","TAO/USD"],"errors":{}}
{"ok":true,"generated_at":"2026-09-26T12:27:00.249Z","equity":9852.83,"pnl":-147.17,"positions":1,"backtests":15,"markets":["BTC/USD","ETH/USD","SOL/USD","XRP/USD","TAO/USD"],"errors":{}}
{"ok":true,"generated_at":"2026-09-26T12:28:04.241Z","equity":9852.26,"pnl":-147.74,"positions":1,"backtests":15,"markets":["BTC/USD","ETH/USD","SOL/USD","XRP/USD","TAO/USD"],"errors":{}}
{"ok":true,"generated_at":"2026-09-26T12:29:07.719Z","equity":9851.98,"pnl":-148.02,"positions":1,"backtests":15,"markets":["BTC/USD","ETH/USD","SOL/USD","XRP/USD","TAO/USD"],"errors":{}}
{"ok":true,"generated_at":"2026-09-26T12:30:11.291Z","equity":9852.55,"pnl":-147.45,"positions":1,"backtests":15,"markets":["BTC/USD","ETH/USD","SOL/USD","XRP/USD","TAO/USD"],"errors":{}}
{"ok":true,"generated_at":"2026-09-26T12:31:15.042Z","equity":9855.11,"pnl":-144.89,"positions":1,"backtests":15,"markets":["BTC/USD","ETH/USD","SOL/USD","XRP/USD","TAO/USD"],"errors":{}}
{"ok":true,"generated_at":"2026-09-26T12:32:18.458Z","equity":9855.4,"pnl":-144.6,"positions":1,"backtests":15,"markets":["BTC/USD","ETH/USD","SOL/USD","XRP/USD","TAO/USD"],"errors":{}}
{"ok":true,"generated_at":"2026-09-26T12:33:23.300Z","equity":9855.4,"pnl":-144.6,"positions":1,"backtests":15,"markets":["BTC/USD","ETH/USD","SOL/USD","XRP/USD","TAO/USD"],"errors":{}}
{"ok":true,"generated_at":"2026-09-26T12:34:26.614Z","equity":9857.39,"pnl":-142.61,"positions":1,"backtests":15,"markets":["BTC/USD","ETH/USD","SOL/USD","X{"ok":true,"generated_at":"2026-{"ok":true,"generated_at":"2026-09-26T12:35:30.708Z","equity":9855.68,"pnl":-144.32,"positions":1,"backtests":15,"markets":["BTC/USD","ETH/USD","SOL/USD","X{"ok":true,"generated_at":"2026-09-26T12:36:34.324Z","equity":9855.97,"pnl":-144.03,"positions":1,"backtests":15,"markets":["BTC/USD","ETH/USD","SOL/USD","XRP/USD","TAO/USD"],"errors":{}}
{"ok":true,"generated_at":"2026-09-26T12:37:37.823Z","equity":9853.12,"pnl":-146.88,"positions":1,"backtests":15,"markets":["BTC/USD","ETH/USD","SOL/USD","XRP/USD","TAO/USD"],"errors":{}}
{"ok":true,"generated_at":"2026-09-26T12:38:41.290Z","equity":9850.84,"pnl":-149.16,"positions":1,"backtests":15,"markets":["BTC/USD","ETH/USD","SOL/USD","XRP/USD","TAO/USD"],"errors":{}}
{"ok":true,"generated_at":"2026-09-26T12:39:44.727Z","equity":9851.69,"pnl":-148.31,"positions":1,"backtests":15,"markets":["BTC/USD","ETH/USD","SOL/USD","XRP/USD","TAO/USD"],"errors":{}}
{"ok":true,"generated_at":"2026-09-26T12:40:48.001Z","equity":9851.41,"pnl":-148.59,"positions":1,"backtests":15,"markets":["BTC/USD","ETH/USD","SOL/USD","XRP/USD","TAO/USD"],"errors":{}}
{"ok":true,"generated_at":"2026-09-26T12:41:51.434Z","equity":9847.71,"pnl":-152.29,"positions":1,"backtests":15,"markets":["BTC/USD","ETH/USD","SOL/USD","XRP/USD","TAO/USD"],"errors":{}}
{"ok":true,"generated_at":"2026-{"ok":true,"generated_at":"2026-09-26T12:42:54.880Z","equity":9847.99,"pnl":-152.01,"positions":1,"backtests":15,"markets":["BTC/USD","ETH/USD","SOL/USD","X{"ok":true,"generated_at":"2026-09-26T12:44:01.495Z","equity":9848.56,"pnl":-151.44,"positions":1,"backtests":15,"markets":["BTC/USD","ETH/USD","SOL/USD","XRP/USD","TAO/USD"],"errors":{}}
{"ok":true,"generated_at":"2026-09-26T12:45:04.828Z","equity":9847.71,"pnl":-152.29,"positions":1,"backtests":15,"markets":["BTC/USD","ETH/USD","SOL/USD","XRP/USD","TAO/USD"],"errors":{}}
{"ok":true,"generated_at":"2026-09-26T12:46:08.003Z","equity":9849.7,"pnl":-150.3,"positions":1,"backtests":15,"markets":["BTC/USD","ETH/USD","SOL/USD","XRP/USD","TAO/USD"],"errors":{}}
{"ok":true,"generated_at":"2026-09-26T12:47:11.483Z","equity":9848.85,"pnl":-151.15,"positions":1,"backtests":15,"markets":["BTC/USD","ETH/USD","SOL/USD","XRP/USD","TAO/USD"],"errors":{}}
{"ok":true,"generated_at":"2026-{"ok":true,"generated_at":"2026-09-26T12:48:15.159Z","equity":9849.13,"pnl":-150.87,"positions":1,"backtests":15,"markets":["BTC/USD","ETH/USD","SOL/USD","X{"ok":true,"generated_at":"2026-{"ok":true,"generated_at":"2026-09-26T12:49:18.641Z","equity":9849.99,"pnl":-150.01,"positions":1,"backtests":15,"markets":["BTC/USD","ETH/USD","SOL/USD","X{"ok":true,"generated_at":"2026-{"ok":true,"generated_at":"2026-09-26T12:50:22.477Z","equity":9850.27,"pnl":-149.73,"positions":1,"backtests":15,"markets":["BTC/USD","ETH/USD","SOL/USD","X{"ok":true,"generated_at":"2026-09-26T12:51:27.644Z","equity":9851.69,"pnl":-148.31,"positions":1,"backtests":15,"markets":["BTC/USD","ETH/USD","SOL/USD","XRP/USD","TAO/USD"],"errors":{}}
{"ok":true,"generated_at":"2026-09-26T12:52:31.317Z","equity":9852.55,"pnl":-147.45,"positions":1,"backtests":15,"markets":["BTC/USD","ETH/USD","SOL/USD","XRP/USD","TAO/USD"],"errors":{}}
{"ok":true,"generated_at":"2026-09-26T12:53:34.592Z","equity":9850.27,"pnl":-149.73,"positions":1,"backtests":15,"markets":["BTC/USD","ETH/USD","SOL/USD","XRP/USD","TAO/USD"],"errors":{}}
{"ok":true,"generated_at":"2026-09-26T12:54:38.341Z","equity":9850.27,"pnl":-149.73,"positions":1,"backtests":15,"markets":["BTC/USD","ETH/USD","SOL/USD","XRP/USD","TAO/USD"],"errors":{}}
{"ok":true,"generated_at":"2026-09-26T12:55:42.334Z","equity":9849.42,"pnl":-150.58,"positions":1,"backtests":15,"markets":["BTC/USD","ETH/USD","SOL/USD","XRP/USD","TAO/USD"],"errors":{}}
{"ok":true,"generated_at":"2026-09-26T12:56:46.187Z","equity":9849.13,"pnl":-150.87,"positions":1,"backtests":15,"markets":["BTC/USD","ETH/USD","SOL/USD","XRP/USD","TAO/USD"],"errors":{}}
{"ok":true,"generated_at":"2026-09-26T12:57:49.601Z","equity":9851.12,"pnl":-148.88,"positions":1,"backtests":15,"markets":["BTC/USD","ETH/USD","SOL/USD","XRP/USD","TAO/USD"],"errors":{}}
{"ok":true,"generated_at":"2026-09-26T12:58:53.083Z","equity":9851.41,"pnl":-148.59,"positions":1,"backtests":15,"markets":["BTC/USD","ETH/USD","SOL/USD","XRP/USD","TAO/USD"],"errors":{}}
{"ok":true,"generated_at":"2026-09-26T12:59:57.001Z","equity":9851.69,"pnl":-148.31,"positions":1,"backtests":15,"markets":["BTC/USD","ETH/USD","SOL/USD","XRP/USD","TAO/USD"],"errors":{}}
{"ok":true,"generated_at":"2026-09-26T13:01:00.732Z","equity":9852.55,"pnl":-147.45,"positions":1,"backtests":15,"markets":["BTC/USD","ETH/USD","SOL/USD","XRP/USD","TAO/USD"],"errors":{}}
{"ok":true,"generated_at":"2026-{"ok":true,"generated_at":"2026-09-26T13:02:05.059Z","equity":9854.54,"pnl":-145.46,"positions":1,"backtests":15,"markets":["BTC/USD","ETH/USD","SOL/USD","X{"ok":true,"generated_at":"2026-{"ok":true,"generated_at":"2026-09-26T13:03:08.464Z","equity":9858.53,"pnl":-141.47,"positions":1,"backtests":15,"markets":["BTC/USD","ETH/USD","SOL/USD","X{"ok":true,"generated_at":"2026-{"ok":true,"generated_at":"2026-09-26T13:04:12.136Z","equity":9854.26,"pnl":-145.74,"positions":1,"backtests":15,"markets":["BTC/USD","ETH/USD","SOL/USD","X{"ok":true,"generated_at":"2026-{"ok":true,"generated_at":"2026-09-26T13:05:16.113Z","equity":9854.26,"pnl":-145.74,"positions":1,"backtests":15,"markets":["BTC/USD","ETH/USD","SOL/USD","X{"ok":true,"generated_at":"2026-{"ok":true,"generated_at":"2026-09-26T13:06:19.513Z","equity":9856.25,"pnl":-143.75,"positions":1,"backtests":15,"markets":["BTC/USD","ETH/USD","SOL/USD","X{"ok":true,"generated_at":"2026-{"ok":true,"generated_at":"2026-09-26T13:07:22.813Z","equity":9858.25,"pnl":-141.75,"positions":1,"backtests":15,"markets":["BTC/USD","ETH/USD","SOL/USD","X{"ok":true,"generated_at":"2026-{"ok":true,"generated_at":"2026-09-26T13:08:26.311Z","equity":9857.11,"pnl":-142.89,"positions":1,"backtests":15,"markets":["BTC/USD","ETH/USD","SOL/USD","X{"ok":true,"generated_at":"2026-{"ok":true,"generated_at":"2026-09-26T13:09:29.664Z","equity":9853.12,"pnl":-146.88,"positions":1,"backtests":15,"markets":["BTC/USD","ETH/USD","SOL/USD","X{"ok":true,"generated_at":"2026-{"ok":true,"generated_at":"2026-09-26T13:10:33.727Z","equity":9848.85,"pnl":-151.15,"positions":1,"backtests":15,"markets":["BTC/USD","ETH/USD","SOL/USD","X{"ok":true,"generated_at":"2026-{"ok":true,"generated_at":"2026-09-26T13:11:37.379Z","equity":9843.15,"pnl":-156.85,"positions":1,"backtests":15,"markets":["BTC/USD","ETH/USD","SOL/USD","X{"ok":true,"generated_at":"2026-{"ok":true,"generated_at":"2026-09-26T13:12:41.088Z","equity":9844.57,"pnl":-155.43,"positions":1,"backtests":15,"markets":["BTC/USD","ETH/USD","SOL/USD","X{"ok":true,"generated_at":"2026-{"ok":true,"generated_at":"2026-09-26T13:13:44.729Z","equity":9842.58,"pnl":-157.42,"positions":1,"backtests":15,"markets":["BTC/USD","ETH/USD","SOL/USD","X{"ok":true,"generated_at":"2026-{"ok":true,"generated_at":"2026-09-26T13:14:48.271Z","equity":9844,"pnl":-156,"positions":1,"backtests":15,"markets":["BTC/USD","ETH/USD","SOL/USD","X{"ok":true,"generated_at":"2026-{"ok":true,"generated_at":"2026-09-26T13:15:52.188Z","equity":9841.73,"pnl":-158.27,"positions":1,"backtests":15,"markets":["BTC/USD","ETH/USD","SOL/USD","X{"ok":true,"generated_at":"2026-{"ok":true,"generated_at":"2026-09-26T13:16:56.407Z","equity":9840.59,"pnl":-159.41,"positions":1,"backtests":15,"markets":["BTC/USD","ETH/USD","SOL/USD",{"ok":true,"generated_at":"2026-09{"ok":true,"generated_at":"2026-09-26T13:17:59.604Z","equity":9841.44,"pnl":-158.56,"positions":1,"backtests":15,"markets":["BTC/USD","ETH/USD","SOL/USD",{"ok":true,"generated_at":"2026-09{"ok":true,"generated_at":"2026-09-26T13:19:03.271Z","equity":9840.87,"pnl":-159.13,"positions":1,"backtests":15,"markets":["BTC/USD","ETH/USD","SOL/USD",{"ok":true,"generated_at":"2026-09{"ok":true,"generated_at":"2026-09-26T13:20:06.666Z","equity":9842.86,"pnl":-157.14,"positions":1,"backtests":15,"markets":["BTC/USD","ETH/USD","SOL/USD",{"ok":true,"generated_at":"2026-09{"ok":true,"generated_at":"2026-09-26T13:21:10.112Z","equity":9845.14,"pnl":-154.86,"positions":1,"backtests":15,"markets":["BTC/USD","ETH/USD","SOL/USD",{"ok":true,"generated_at":"2026-09-26T13:22:13.605Z","equity":9844.29,"pnl":-155.71,"positions":1,"backtests":15,"markets":["BTC/USD","ETH/USD","SOL/USD","XRP/USD","TAO/USD"],"errors":{}}
{"ok":true,"generated_at":"2026-09-26T13:23:17.208Z","equity":9839.16,"pnl":-160.84,"positions":1,"backtests":15,"markets":["BTC/USD","ETH/USD","SOL/USD","XRP/USD","TAO/USD"],"errors":{}}
{"ok":true,"generated_at":"2026-09-26T13:24:21.930Z","equity":9840.3,"pnl":-159.7,"positions":1,"backtests":15,"markets":["BTC/USD","ETH/USD","SOL/USD","XRP/USD","TAO/USD"],"errors":{}}
{"ok":true,"generated_at":"2026-09-26T13:25:25.201Z","equity":9838.31,"pnl":-161.69,"positions":1,"backtests":15,"markets":["BTC/USD","ETH/USD","SOL/USD","XRP/USD","TAO/USD"],"errors":{}}
{"ok":true,"generated_at":"2026-09-26T13:26:30.995Z","equity":9836.31,"pnl":-163.69,"positions":1,"backtests":15,"markets":["BTC/USD","ETH/USD","SOL/USD","XRP/USD","TAO/USD"],"errors":{}}
{"ok":true,"generated_at":"2026-09-26T13:27:34.577Z","equity":9830.9,"pnl":-169.1,"positions":1,"backtests":15,"markets":["BTC/USD","ETH/USD","SOL/USD","XRP/USD","TAO/USD"],"errors":{}}
{"ok":true,"generated_at":"2026-09-26T13:28:37.820Z","equity":9828.62,"pnl":-171.38,"positions":1,"backtests":15,"markets":["BTC/USD","ETH/USD","SOL/USD","XRP/USD","TAO/USD"],"errors":{}}
{"ok":true,"generated_at":"2026-09-26T13:29:41.131Z","equity":9832.61,"pnl":-167.39,"positions":1,"backtests":15,"markets":["BTC/USD","ETH/USD","SOL/USD","XRP/USD","TAO/USD"],"errors":{}}
{"ok":true,"generated_at":"2026-09-26T13:30:45.000Z","equity":9833.75,"pnl":-166.25,"positions":1,"backtests":15,"markets":["BTC/USD","ETH/USD","SOL/USD","XRP/USD","TAO/USD"],"errors":{}}
{"ok":true,"generated_at":"2026-09-26T13:31:49.659Z","equity":9836.03,"pnl":-163.97,"positions":1,"backtests":15,"markets":["BTC/USD","ETH/USD","SOL/USD","XRP/USD","TAO/USD"],"errors":{}}
{"ok":true,"generated_at":"2026-09-26T13:32:53.097Z","equity":9835.46,"pnl":-164.54,"positions":1,"backtests":15,"markets":["BTC/USD","ETH/USD","SOL/USD","XRP/USD","TAO/USD"],"errors":{}}
{"ok":true,"generated_at":"2026-09-26T13:33:56.484Z","equity":9835.74,"pnl":-164.26,"positions":1,"backtests":15,"markets":["BTC/USD","ETH/USD","SOL/USD","XRP/USD","TAO/USD"],"errors":{}}
{"ok":true,"generated_at":"2026-09-26T13:35:00.690Z","equity":9837.45,"pnl":-162.55,"positions":1,"backtests":15,"markets":["BTC/USD","ETH/USD","SOL/USD","XRP/USD","TAO/USD"],"errors":{}}
{"ok":true,"generated_at":"2026-09-26T13:36:04.239Z","equity":9837.45,"pnl":-162.55,"positions":1,"backtests":15,"markets":["BTC/USD","ETH/USD","SOL/USD","XRP/USD","TAO/USD"],"errors":{}}
{"ok":true,"generated_at":"2026-09-26T13:37:07.502Z","equity":9837.45,"pnl":-162.55,"positions":1,"backtests":15,"markets":["BTC/USD","ETH/USD","SOL/USD","XRP/USD","TAO/USD"],"errors":{}}
{"ok":true,"generated_at":"2026-09-26T13:38:10.916Z","equity":9838.59,"pnl":-161.41,"positions":1,"backtests":15,"markets":["BTC/USD","ETH/USD","SOL/USD","XRP/USD","TAO/USD"],"errors":{}}
{"ok":true,"generated_at":"2026-09-26T13:39:14.416Z","equity":9839.73,"pnl":-160.27,"positions":1,"backtests":15,"markets":["BTC/USD","ETH/USD","SOL/USD","XRP/USD","TAO/USD"],"errors":{}}
{"ok":true,"generated_at":"2026-09-26T13:40:17.874Z","equity":9839.73,"pnl":-160.27,"positions":1,"backtests":15,"markets":["BTC/USD","ETH/USD","SOL/USD","XRP/USD","TAO/USD"],"errors":{}}
{"ok":true,"generated_at":"2026-09-26T13:41:22.901Z","equity":9838.59,"pnl":-161.41,"positions":1,"backtests":15,"markets":["BTC/USD","ETH/USD","SOL/USD","XRP/USD","TAO/USD"],"errors":{}}
{"ok":true,"generated_at":"2026-09-26T13:42:26.571Z","equity":9838.02,"pnl":-161.98,"positions":1,"backtests":15,"markets":["BTC/USD","ETH/USD","SOL/USD","XRP/USD","TAO/USD"],"errors":{}}
{"ok":true,"generated_at":"2026-09-26T13:43:29.841Z","equity":9838.02,"pnl":-161.98,"positions":1,"backtests":15,"markets":["BTC/USD","ETH/USD","SOL/USD","XRP/USD","TAO/USD"],"errors":{}}
{"ok":true,"generated_at":"2026-09-26T13:44:33.073Z","equity":9837.45,"pnl":-162.55,"positions":1,"backtests":15,"markets":["BTC/USD","ETH/USD","SOL/USD","XRP/USD","TAO/USD"],"errors":{}}
{"ok":true,"generated_at":"2026-09-26T13:45:36.620Z","equity":9838.02,"pnl":-161.98,"positions":1,"backtests":15,"markets":["BTC/USD","ETH/USD","SOL/USD","XRP/USD","TAO/USD"],"errors":{}}
{"ok":true,"generated_at":"2026-09-26T13:46:41.744Z","equity":9838.59,"pnl":-161.41,"positions":1,"backtests":15,"markets":["BTC/USD","ETH/USD","SOL/USD","XRP/USD","TAO/USD"],"errors":{}}
{"ok":true,"generated_at":"2026-09-26T13:47:45.454Z","equity":9840.59,"pnl":-159.41,"positions":1,"backtests":15,"markets":["BTC/USD","ETH/USD","SOL/USD","XRP/USD","TAO/USD"],"errors":{}}
{"ok":true,"generated_at":"2026-09-26T13:48:48.698Z","equity":9840.59,"pnl":-159.41,"positions":1,"backtests":15,"markets":["BTC/USD","ETH/USD","SOL/USD","XRP/USD","TAO/USD"],"errors":{}}
{"ok":true,"generated_at":"2026-09-26T13:49:52.093Z","equity":9840.59,"pnl":-159.41,"positions":1,"backtests":15,"markets":["BTC/USD","ETH/USD","SOL/USD","XRP/USD","TAO/USD"],"errors":{}}
{"ok":true,"generated_at":"2026-09-26T13:50:55.662Z","equity":9843.15,"pnl":-156.85,"positions":1,"backtests":15,"markets":["BTC/USD","ETH/USD","SOL/USD","XRP/USD","TAO/USD"],"errors":{}}
{"ok":true,"generated_at":"2026-09-26T13:51:59.000Z","equity":9842.58,"pnl":-157.42,"positions":1,"backtests":15,"markets":["BTC/USD","ETH/USD","SOL/USD","XRP/USD","TAO/USD"],"errors":{}}
{"ok":true,"generated_at":"2026-09-26T13:53:03.332Z","equity":9841.44,"pnl":-158.56,"positions":1,"backtests":15,"markets":["BTC/USD","ETH/USD","SOL/USD","XRP/USD","TAO/USD"],"errors":{}}
{"ok":true,"generated_at":"2026-09-26T13:54:06.632Z","equity":9842.58,"pnl":-157.42,"positions":1,"backtests":15,"markets":["BTC/USD","ETH/USD","SOL/USD","XRP/USD","TAO/USD"],"errors":{}}
{"ok":true,"generated_at":"2026-09-26T13:55:09.833Z","equity":9842.01,"pnl":-157.99,"positions":1,"backtests":15,"markets":["BTC/USD","ETH/USD","SOL/USD","XRP/USD","TAO/USD"],"errors":{}}
{"ok":true,"generated_at":"2026-09-26T13:56:13.316Z","equity":9843.15,"pnl":-156.85,"positions":1,"backtests":15,"markets":["BTC/USD","ETH/USD","SOL/USD","XRP/USD","TAO/USD"],"errors":{}}
{"ok":true,"generated_at":"2026-09-26T13:57:17.295Z","equity":9843.72,"pnl":-156.28,"positions":1,"backtests":15,"markets":["BTC/USD","ETH/USD","SOL/USD","XRP/USD","TAO/USD"],"errors":{}}
{"ok":true,"generated_at":"2026-09-26T13:58:20.420Z","equity":9844.29,"pnl":-155.71,"positions":1,"backtests":15,"markets":["BTC/USD","ETH/USD","SOL/USD","XRP/USD","TAO/USD"],"errors":{}}
{"ok":true,"generated_at":"2026-09-26T13:59:23.989Z","equity":9843.43,"pnl":-156.57,"positions":1,"backtests":15,"markets":["BTC/USD","ETH/USD","SOL/USD","XRP/USD","TAO/USD"],"errors":{}}
{"ok":true,"generated_at":"2026-09-26T14:00:27.198Z","equity":9830.88,"pnl":-169.12,"positions":2,"backtests":15,"markets":["BTC/USD","ETH/USD","SOL/USD","XRP/USD","TAO/USD"],"errors":{}}
{"ok":true,"generated_at":"2026-09-26T14:01:30.404Z","equity":9830.6,"pnl":-169.4,"positions":2,"backtests":15,"markets":["BTC/USD","ETH/USD","SOL/USD","XRP/USD","TAO/USD"],"errors":{}}
{"ok":true,"generated_at":"2026-09-26T14:02:33.615Z","equity":9830.73,"pnl":-169.27,"positions":2,"backtests":15,"markets":["BTC/USD","ETH/USD","SOL/USD","XRP/USD","TAO/USD"],"errors":{}}
{"ok":true,"generated_at":"2026-09{"ok":true,"generated_at":"2026-09-26T14:03:37.355Z","equity":9829.43,"pnl":-170.57,"positions":2,"backtests":15,"markets":["BTC/USD","ETH/USD","SOL/USD",{"ok":true,"generated_at":"2026-09{"ok":true,"generated_at":"2026-09-26T14:04:40.567Z","equity":9831.17,"pnl":-168.83,"positions":2,"backtests":15,"markets":["BTC/USD","ETH/USD","SOL/USD",{"ok":true,"generated_at":"2026-09{"ok":true,"generated_at":"2026-09-26T14:05:44.071Z","equity":9831.43,"pnl":-168.57,"positions":2,"backtests":15,"markets":["BTC/USD","ETH/USD","SOL/USD",{"ok":true,"generated_at":"2026-09{"ok":true,"generated_at":"2026-09-26T14:06:47.486Z","equity":9829.91,"pnl":-170.09,"positions":2,"backtests":15,"markets":["BTC/USD","ETH/USD","SOL/USD",{"ok":true,"generated_at":"2026-09{"ok":true,"generated_at":"2026-09-26T14:07:50.690Z","equity":9831.31,"pnl":-168.69,"positions":2,"backtests":15,"markets":["BTC/USD","ETH/USD","SOL/USD",{"ok":true,"generated_at":"2026-09{"ok":true,"generated_at":"2026-09-26T14:08:57.824Z","equity":9831.42,"pnl":-168.58,"positions":2,"backtests":15,"markets":["BTC/USD","ETH/USD","SOL/USD",{"ok":true,"generated_at":"2026-09{"ok":true,"generated_at":"2026-09-26T14:10:01.312Z","equity":9831.84,"pnl":-168.16,"positions":2,"backtests":15,"markets":["BTC/USD","ETH/USD","SOL/USD",{"ok":true,"generated_at":"2026-09{"ok":true,"generated_at":"2026-09-26T14:11:05.231Z","equity":9832.85,"pnl":-167.15,"positions":2,"backtests":15,"markets":["BTC/USD","ETH/USD","SOL/USD",{"ok":true,"generated_at":"2026-09{"ok":true,"generated_at":"2026-09-26T14:12:09.109Z","equity":9833.54,"pnl":-166.46,"positions":2,"backtests":15,"markets":["BTC/USD","ETH/USD","SOL/USD",{"ok":true,"generated_at":"2026-09{"ok":true,"generated_at":"2026-09-26T14:13:14.265Z","equity":9834.48,"pnl":-165.52,"positions":2,"backtests":15,"markets":["BTC/USD","ETH/USD","SOL/USD",{"ok":true,"generated_at":"2026-09{"ok":true,"generated_at":"2026-09-26T14:14:17.499Z","equity":9835.38,"pnl":-164.62,"positions":2,"backtests":15,"markets":["BTC/USD","ETH/USD","SOL/USD",{"ok":true,"generated_at":"2026-09{"ok":true,"generated_at":"2026-09-26T14:15:20.908Z","equity":9839.36,"pnl":-160.64,"positions":2,"backtests":15,"markets":["BTC/USD","ETH/USD","SOL/USD",{"ok":true,"generated_at":"2026-09{"ok":true,"generated_at":"2026-09-26T14:16:24.455Z","equity":9838.25,"pnl":-161.75,"positions":2,"backtests":15,"markets":["BTC/USD","ETH/USD","SOL/USD",{"ok":true,"generated_at":"2026-09{"ok":true,"generated_at":"2026-09-26T14:17:28.918Z","equity":9837.69,"pnl":-162.31,"positions":2,"backtests":15,"markets":["BTC/USD","ETH/USD","SOL/USD",{"ok":true,"generated_at":"2026-09{"ok":true,"generated_at":"2026-09-26T14:18:32.584Z","equity":9837.16,"pnl":-162.84,"positions":2,"backtests":15,"markets":["BTC/USD","ETH/USD","SOL/USD",{"ok":true,"generated_at":"2026-09{"ok":true,"generated_at":"2026-09-26T14:19:36.123Z","equity":9836.61,"pnl":-163.39,"positions":2,"backtests":15,"markets":["BTC/USD","ETH/USD","SOL/USD",{"ok":true,"generated_at":"2026-09{"ok":true,"generated_at":"2026-09-26T14:20:39.488Z","equity":9836.84,"pnl":-163.16,"positions":2,"backtests":15,"markets":["BTC/USD","ETH/USD","SOL/USD",{"ok":true,"generated_at":"2026-09{"ok":true,"generated_at":"2026-09-26T14:21:43.925Z","equity":9837.29,"pnl":-162.71,"positions":2,"backtests":15,"markets":["BTC/USD","ETH/USD","SOL/USD",{"ok":true,"generated_at":"2026-09{"ok":true,"generated_at":"2026-09-26T14:22:47.550Z","equity":9837.11,"pnl":-162.89,"positions":2,"backtests":15,"markets":["BTC/USD","ETH/USD","SOL/USD",{"ok":true,"generated_at":"2026-09{"ok":true,"generated_at":"2026-09-26T14:23:50.757Z","equity":9837.61,"pnl":-162.39,"positions":2,"backtests":15,"markets":["BTC/USD","ETH/USD","SOL/USD",{"ok":true,"generated_at":"2026-09{"ok":true,"generated_at":"2026-09-26T14:24:55.363Z","equity":9837.03,"pnl":-162.97,"positions":2,"backtests":15,"markets":["BTC/USD","ETH/USD","SOL/USD",{"ok":true,"generated_at":"2026-09{"ok":true,"generated_at":"2026-09-26T14:25:58.883Z","equity":9836.67,"pnl":-163.33,"positions":2,"backtests":15,"markets":["BTC/USD","ETH/USD","SOL/USD",{"ok":true,"generated_at":"2026-09{"ok":true,"generated_at":"2026-09-26T14:27:02.169Z","equity":9837.42,"pnl":-162.58,"positions":2,"backtests":15,"markets":["BTC/USD","ETH/USD","SOL/USD",{"ok":true,"generated_at":"2026-09{"ok":true,"generated_at":"2026-09-26T14:28:05.983Z","equity":9836.57,"pnl":-163.43,"positions":2,"backtests":15,"markets":["BTC/USD","ETH/USD","SOL/USD",{"ok":true,"generated_at":"2026-09{"ok":true,"generated_at":"2026-09-26T14:29:09.883Z","equity":9836.89,"pnl":-163.11,"positions":2,"backtests":15,"markets":["BTC/USD","ETH/USD","SOL/USD",{"ok":true,"generated_at":"2026-09{"ok":true,"generated_at":"2026-09-26T14:30:13.321Z","equity":9836.35,"pnl":-163.65,"positions":2,"backtests":15,"markets":["BTC/USD","ETH/USD","SOL/USD",{"ok":true,"generated_at":"2026-09{"ok":true,"generated_at":"2026-09-26T14:31:17.130Z","equity":9835.49,"pnl":-164.51,"positions":2,"backtests":15,"markets":["BTC/USD","ETH/USD","SOL/USD",{"ok":true,"generated_at":"2026-09{"ok":true,"generated_at":"2026-09-26T14:32:20.626Z","equity":9837.38,"pnl":-162.62,"positions":2,"backtests":15,"markets":["BTC/USD","ETH/USD","SOL/USD{"ok":true,"generated_at":"2026-09-2{"ok":true,"generated_at":"2026-09-26T14:33:24.079Z","equity":9837.32,"pnl":-162.68,"positions":2,"backtests":15,"markets":["BTC/USD","ETH/USD","SOL/USD{"ok":true,"generated_at":"2026-09-2{"ok":true,"generated_at":"2026-09-26T14:34:27.616Z","equity":9836.08,"pnl":-163.92,"positions":2,"backtests":15,"markets":["BTC/USD","ETH/USD","SOL/USD{"ok":true,"generated_at":"2026-09-2{"ok":true,"generated_at":"2026-09-26T14:35:31.438Z","equity":9835.4,"pnl":-164.6,"positions":2,"backtests":15,"markets":["BTC/USD","ETH/USD","SOL/USD{"ok":true,"generated_at":"2026-09-2{"ok":true,"generated_at":"2026-09-26T14:36:35.188Z","equity":9833.84,"pnl":-166.16,"positions":2,"backtests":15,"markets":["BTC/USD","ETH/USD","SOL/USD{"ok":true,"generated_at":"2026-09-2{"ok":true,"generated_at":"2026-09-26T14:37:41.232Z","equity":9833.78,"pnl":-166.22,"positions":2,"backtests":15,"markets":["BTC/USD","ETH/USD","SOL/USD{"ok":true,"generated_at":"2026-09-2{"ok":true,"generated_at":"2026-09-26T14:38:45.568Z","equity":9833.74,"pnl":-166.26,"positions":2,"backtests":15,"markets":["BTC/USD","ETH/USD","SOL/USD{"ok":true,"generated_at":"2026-09-2{"ok":true,"generated_at":"2026-09-26T14:39:49.102Z","equity":9832.8,"pnl":-167.2,"positions":2,"backtests":15,"markets":["BTC/USD","ETH/USD","SOL/USD",{"ok":true,"generated_at":"2026-09{"ok":true,"generated_at":"2026-09-26T14:40:52.416Z","equity":9833.97,"pnl":-166.03,"positions":2,"backtests":15,"markets":["BTC/USD","ETH/USD","SOL/USD",{"ok":true,"generated_at":"2026-09{"ok":true,"generated_at":"2026-09-26T14:41:56.566Z","equity":9834.55,"pnl":-165.45,"positions":2,"backtests":15,"markets":["BTC/USD","ETH/USD","SOL/USD{"ok":true,"generated_at":"2026-09-2{"ok":true,"generated_at":"2026-09-26T14:42:59.945Z","equity":9834.5,"pnl":-165.5,"positions":2,"backtests":15,"markets":["BTC/USD","ETH/USD","SOL/USD",{"ok":true,"generated_at":"2026-09{"ok":true,"generated_at":"2026-09-26T14:44:03.541Z","equity":9834.22,"pnl":-165.78,"positions":2,"backtests":15,"markets":["BTC/USD","ETH/USD","SOL/USD",{"ok":true,"generated_at":"2026-09{"ok":true,"generated_at":"2026-09-26T14:45:07.118Z","equity":9833.01,"pnl":-166.99,"positions":2,"backtests":15,"markets":["BTC/USD","ETH/USD","SOL/USD{"ok":true,"generated_at":"2026-09-2{"ok":true,"generated_at":"2026-09-26T14:46:10.767Z","equity":9832.77,"pnl":-167.23,"positions":2,"backtests":15,"markets":["BTC/USD","ETH/USD","SOL/USD{"ok":true,"generated_at":"2026-09-2{"ok":true,"generated_at":"2026-09-26T14:47:14.098Z","equity":9831.41,"pnl":-168.59,"positions":2,"backtests":15,"markets":["BTC/USD","ETH/USD","SOL/USD{"ok":true,"generated_at":"2026-09-2{"ok":true,"generated_at":"2026-09-26T14:48:17.512Z","equity":9832.54,"pnl":-167.46,"positions":2,"backtests":15,"markets":["BTC/USD","ETH/USD","SOL/U{"ok":true,"generated_at":"2026-09-26T{"ok":true,"generated_at":"2026-09-26T14:49:21.303Z","equity":9832.18,"pnl":-167.82,"positions":2,"backtests":15,"markets":["BTC/USD","ETH/USD","SOL/U{"ok":true,"generated_at":"2026-09-26T{"ok":true,"generated_at":"2026-09-26T14:50:24.697Z","equity":9832.91,"pnl":-167.09,"positions":2,"backtests":15,"markets":["BTC/USD","ETH/USD","SOL/U{"ok":true,"generated_at":"2026-09-26T{"ok":true,"generated_at":"2026-09-26T14:51:28.034Z","equity":9834.81,"pnl":-165.19,"positions":2,"backtests":15,"markets":["BTC/USD","ETH/USD","SOL/U{"ok":true,"generated_at":"2026-09-26T{"ok":true,"generated_at":"2026-09-26T14:52:31.347Z","equity":9834.2,"pnl":-165.8,"positions":2,"backtests":15,"markets":["BTC/USD","ETH/USD","SOL/USD{"ok":true,"generated_at":"2026-09-2{"ok":true,"generated_at":"2026-09-26T14:53:35.133Z","equity":9833.92,"pnl":-166.08,"positions":2,"backtests":15,"markets":["BTC/USD","ETH/USD","SOL/USD{"ok":true,"generated_at":"2026-09-2{"ok":true,"generated_at":"2026-09-26T14:54:38.543Z","equity":9833.87,"pnl":-166.13,"positions":2,"backtests":15,"markets":["BTC/USD","ETH/USD","SOL/USD{"ok":true,"generated_at":"2026-09-2{"ok":true,"generated_at":"2026-09-26T14:55:41.948Z","equity":9834.32,"pnl":-165.68,"positions":2,"backtests":15,"markets":["BTC/USD","ETH/USD","SOL/USD{"ok":true,"generated_at":"2026-09-2{"ok":true,"generated_at":"2026-09-26T14:56:45.354Z","equity":9834.44,"pnl":-165.56,"positions":2,"backtests":15,"markets":["BTC/USD","ETH/USD","SOL/USD{"ok":true,"generated_at":"2026-09-2{"ok":true,"generated_at":"2026-09-26T14:57:48.927Z","equity":9833.19,"pnl":-166.81,"positions":2,"backtests":15,"markets":["BTC/USD","ETH/USD","SOL/USD{"ok":true,"generated_at":"2026-09-26T14:58:52.603Z","equity":9833.31,"pnl":-166.69,"positions":2,"backtests":15,"markets":["BTC/USD","ETH/USD","SOL/USD","XRP/USD","TAO/USD"],"errors":{}}
{"ok":true,"generated_at":"2026-09-26T14:59:59.693Z","equity":9833.28,"pnl":-166.72,"positions":2,"backtests":15,"markets":["BTC/USD","ETH/USD","SOL/USD","XRP/USD","TAO/USD"],"errors":{}}
{"ok":true,"generated_at":"2026-09-26T15:01:03.368Z","equity":9812.93,"pnl":-187.07,"positions":2,"backtests":15,"markets":["BTC/USD","ETH/USD","SOL/USD","XRP/USD","TAO/USD"],"errors":{}}
{"ok":true,"generated_at":"2026-09-26T15:02:10.483Z","equity":9812.26,"pnl":-187.74,"positions":2,"backtests":15,"markets":["BTC/USD","ETH/USD","SOL/USD","XRP/USD","TAO/USD"],"errors":{}}
{"ok":true,"generated_at":"2026-09-26T15:03:14.201Z","equity":9804.09,"pnl":-195.91,"positions":2,"backtests":15,"markets":["BTC/USD","ETH/USD","SOL/USD","XRP/USD","TAO/USD"],"errors":{}}
{"ok":true,"generated_at":"2026-09-26T15:04:17.432Z","equity":9794.37,"pnl":-205.63,"positions":2,"backtests":15,"markets":["BTC/USD","ETH/USD","SOL/USD","XRP/USD","TAO/USD"],"errors":{}}
{"ok":true,"generated_at":"2026-09-26T15:05:20.695Z","equity":9790.47,"pnl":-209.53,"positions":2,"backtests":15,"markets":["BTC/USD","ETH/USD","SOL/USD","XRP/USD","TAO/USD"],"errors":{}}
{"ok":true,"generated_at":"2026-09-26T15:06:24.043Z","equity":9796.83,"pnl":-203.17,"positions":2,"backtests":15,"markets":["BTC/USD","ETH/USD","SOL/USD","XRP/USD","TAO/USD"],"errors":{}}
{"ok":true,"generated_at":"2026-09-26T15:07:27.534Z","equity":9790.76,"pnl":-209.24,"positions":2,"backtests":15,"markets":["BTC/USD","ETH/USD","SOL/USD","XRP/USD","TAO/USD"],"errors":{}}
{"ok":true,"generated_at":"2026-09-26T15:08:30.784Z","equity":9790.38,"pnl":-209.62,"positions":2,"backtests":15,"markets":["BTC/USD","ETH/USD","SOL/USD","XRP/USD","TAO/USD"],"errors":{}}
{"ok":true,"generated_at":"2026-09-26T15:09:34.167Z","equity":9794.74,"pnl":-205.26,"positions":2,"backtests":15,"markets":["BTC/USD","ETH/USD","SOL/USD","XRP/USD","TAO/USD"],"errors":{}}
{"ok":true,"generated_at":"2026-09-26T15:10:39.238Z","equity":9783.71,"pnl":-216.29,"positions":2,"backtests":15,"markets":["BTC/USD","ETH/USD","SOL/USD","XRP/USD","TAO/USD"],"errors":{}}
{"ok":true,"generated_at":"2026-09-26T15:11:42.526Z","equity":9797.24,"pnl":-202.76,"positions":2,"backtests":15,"markets":["BTC/USD","ETH/USD","SOL/USD","XRP/USD","TAO/USD"],"errors":{}}
{"ok":true,"generated_at":"2026-09-26T15:12:45.933Z","equity":9796.16,"pnl":-203.84,"positions":2,"backtests":15,"markets":["BTC/USD","ETH/USD","SOL/USD","XRP/USD","TAO/USD"],"errors":{}}
{"ok":true,"generated_at":"2026-09-26T15:13:49.437Z","equity":9799.18,"pnl":-200.82,"positions":2,"backtests":15,"markets":["BTC/USD","ETH/USD","SOL/USD","XRP/USD","TAO/USD"],"errors":{}}
{"ok":true,"generated_at":"2026-09-26T15:14:53.039Z","equity":9808.53,"pnl":-191.47,"positions":2,"backtests":15,"markets":["BTC/USD","ETH/USD","SOL/USD","XRP/USD","TAO/USD"],"errors":{}}
{"ok":true,"generated_at":"2026-09-26T15:15:56.476Z","equity":9812.35,"pnl":-187.65,"positions":2,"backtests":15,"markets":["BTC/USD","ETH/USD","SOL/USD","XRP/USD","TAO/USD"],"errors":{}}
{"ok":true,"generated_at":"2026-09-26T15:17:00.041Z","equity":9819.35,"pnl":-180.65,"positions":2,"backtests":15,"markets":["BTC/USD","ETH/USD","SOL/USD","XRP/USD","TAO/USD"],"errors":{}}
{"ok":true,"generated_at":"2026-09-26T15:18:03.274Z","equity":9826.16,"pnl":-173.84,"positions":2,"backtests":15,"markets":["BTC/USD","ETH/USD","SOL/USD","XRP/USD","TAO/USD"],"errors":{}}
{"ok":true,"generated_at":"2026-09-26T15:19:06.450Z","equity":9833.27,"pnl":-166.73,"positions":2,"backtests":15,"markets":["BTC/USD","ETH/USD","SOL/USD","XRP/USD","TAO/USD"],"errors":{}}
{"ok":true,"generated_at":"2026-09-26T15:20:10.274Z","equity":9833.97,"pnl":-166.03,"positions":2,"backtests":15,"markets":["BTC/USD","ETH/USD","SOL/USD","XRP/USD","TAO/USD"],"errors":{}}
{"ok":true,"generated_at":"2026-09-26T15:21:13.583Z","equity":9846.24,"pnl":-153.76,"positions":2,"backtests":15,"markets":["BTC/USD","ETH/USD","SOL/USD","XRP/USD","TAO/USD"],"errors":{}}
{"ok":true,"generated_at":"2026-09-26T15:22:16.933Z","equity":9842.65,"pnl":-157.35,"positions":2,"backtests":15,"markets":["BTC/USD","ETH/USD","SOL/USD","XRP/USD","TAO/USD"],"errors":{}}
{"ok":true,"generated_at":"2026-09-26T15:23:20.213Z","equity":9833.72,"pnl":-166.28,"positions":2,"backtests":15,"markets":["BTC/USD","ETH/USD","SOL/USD","XRP/USD","TAO/USD"],"errors":{}}
{"ok":true,"generated_at":"2026-09-26T15:24:23.801Z","equity":9837.62,"pnl":-162.38,"positions":2,"backtests":15,"markets":["BTC/USD","ETH/USD","SOL/USD","XRP/USD","TAO/USD"],"errors":{}}
{"ok":true,"generated_at":"2026-09-26T15:25:27.270Z","equity":9837.84,"pnl":-162.16,"positions":2,"backtests":15,"markets":["BTC/USD","ETH/USD","SOL/USD","XRP/USD","TAO/USD"],"errors":{}}
{"ok":true,"generated_at":"2026-09-26T15:26:30.587Z","equity":9838.41,"pnl":-161.59,"positions":2,"backtests":15,"markets":["BTC/USD","ETH/USD","SOL/USD","XRP/USD","TAO/USD"],"errors":{}}
{"ok":true,"generated_at":"2026-09-26T15:27:34.104Z","equity":9842.7,"pnl":-157.3,"positions":2,"backtests":15,"markets":["BTC/USD","ETH/USD","SOL/USD","XRP/USD","TAO/USD"],"errors":{}}
{"ok":true,"generated_at":"2026-09-26T15:28:37.389Z","equity":9851.12,"pnl":-148.88,"positions":2,"backtests":15,"markets":["BTC/USD","ETH/USD","SOL/USD","XRP/USD","TAO/USD"],"errors":{}}
{"ok":true,"generated_at":"2026-09-26T15:29:41.302Z","equity":9851.1,"pnl":-148.9,"positions":2,"backtests":15,"markets":["BTC/USD","ETH/USD","SOL/USD","XRP/USD","TAO/USD"],"errors":{}}
{"ok":true,"generated_at":"2026-09-26T15:30:44.700Z","equity":9854.82,"pnl":-145.18,"positions":2,"backtests":15,"markets":["BTC/USD","ETH/USD","SOL/USD","XRP/USD","TAO/USD"],"errors":{}}
{"ok":true,"generated_at":"2026-09-26T15:31:49.216Z","equity":9862.25,"pnl":-137.75,"positions":2,"backtests":15,"markets":["BTC/USD","ETH/USD","SOL/USD","XRP/USD","TAO/USD"],"errors":{}}
{"ok":true,"generated_at":"2026-09-26T15:32:52.504Z","equity":9865.26,"pnl":-134.74,"positions":2,"backtests":15,"markets":["BTC/USD","ETH/USD","SOL/USD","XRP/USD","TAO/USD"],"errors":{}}
{"ok":true,"generated_at":"2026-09-26T15:33:55.933Z","equity":9867.65,"pnl":-132.35,"positions":2,"backtests":15,"markets":["BTC/USD","ETH/USD","SOL/USD","XRP/USD","TAO/USD"],"errors":{}}
{"ok":true,"generated_at":"2026-09-26T15:34:59.679Z","equity":9876.86,"pnl":-123.14,"positions":2,"backtests":15,"markets":["BTC/USD","ETH/USD","SOL/USD","XRP/USD","TAO/USD"],"errors":{}}
{"ok":true,"generated_at":"2026-09-26T15:36:02.994Z","equity":9905.96,"pnl":-94.04,"positions":2,"backtests":15,"markets":["BTC/USD","ETH/USD","SOL/USD","XRP/USD","TAO/USD"],"errors":{}}
{"ok":true,"generated_at":"2026-09-26T15:37:06.280Z","equity":9911.85,"pnl":-88.15,"positions":2,"backtests":15,"markets":["BTC/USD","ETH/USD","SOL/USD","XRP/USD","TAO/USD"],"errors":{}}
{"ok":true,"generated_at":"2026-09-26T15:38:09.657Z","equity":9912.86,"pnl":-87.14,"positions":2,"backtests":15,"markets":["BTC/USD","ETH/USD","SOL/USD","XRP/USD","TAO/USD"],"errors":{}}
{"ok":true,"generated_at":"202{"ok":true,"generated_at":"2026-09-26T15:39:14.367Z","equity":9910.32,"pnl":-89.68,"positions":2,"backtests":15,"markets":["BTC/USD","ETH/USD","SOL/USD","XRP{"ok":true,"generated_at":"202{"ok":true,"generated_at":"2026-09-26T15:40:18.082Z","equity":9907.55,"pnl":-92.45,"positions":2,"backtests":15,"markets":["BTC/USD","ETH/USD","SOL/USD","XRP{"ok":true,"generated_at":"202{"ok":true,"generated_at":"2026-09-26T15:41:21.608Z","equity":9886.7,"pnl":-113.3,"positions":2,"backtests":15,"markets":["BTC/USD","ETH/USD","SOL/USD","XRP{"ok":true,"generated_at":"202{"ok":true,"generated_at":"2026-09-26T15:42:24.813Z","equity":9890.76,"pnl":-109.24,"positions":2,"backtests":15,"markets":["BTC/USD","ETH/USD","SOL/USD","X{"ok":true,"generated_at":"2026-{"ok":true,"generated_at":"2026-09-26T15:43:28.823Z","equity":9889.35,"pnl":-110.65,"positions":2,"backtests":15,"markets":["BTC/USD","ETH/USD","SOL/USD","X{"ok":true,"generated_at":"2026-{"ok":true,"generated_at":"2026-09-26T15:44:32.854Z","equity":9894.68,"pnl":-105.32,"positions":2,"backtests":15,"markets":["BTC/USD","ETH/USD","SOL/USD","X{"ok":true,"generated_at":"2026-{"ok":true,"generated_at":"2026-09-26T15:45:36.386Z","equity":9895.02,"pnl":-104.98,"positions":2,"backtests":15,"markets":["BTC/USD","ETH/USD","SOL/USD","X{"ok":true,"generated_at":"2026-{"ok":true,"generated_at":"2026-09-26T15:46:40.114Z","equity":9900.78,"pnl":-99.22,"positions":2,"backtests":15,"markets":["BTC/USD","ETH/USD","SOL/USD","X{"ok":true,"generated_at":"2026-{"ok":true,"generated_at":"2026-09-26T15:47:43.501Z","equity":9904.86,"pnl":-95.14,"positions":2,"backtests":15,"markets":["BTC/USD","ETH/USD","SOL/USD","X{"ok":true,"generated_at":"2026-{"ok":true,"generated_at":"2026-09-26T15:48:47.205Z","equity":9903,"pnl":-97,"positions":2,"backtests":15,"markets":["BTC/USD","ETH/USD","SOL/USD","XRP/USD{"ok":true,"generated_at":{"ok":true,"generated_at":"2026-09-26T15:49:51.414Z","equity":9917.28,"pnl":-82.72,"positions":2,"backtests":15,"markets":["BTC/USD","ETH/USD","SOL/USD","XRP/USD{"ok":true,"generated_at":{"ok":true,"generated_at":"2026-09-26T15:50:54.783Z","equity":9913.49,"pnl":-86.51,"positions":2,"backtests":15,"markets":["BTC/USD","ETH/USD","SOL/USD","XRP/USD{"ok":true,"generated_at":{"ok":true,"generated_at":"2026-09-26T15:51:58.180Z","equity":9917.96,"pnl":-82.04,"positions":2,"backtests":15,"markets":["BTC/USD","ETH/USD","SOL/USD","XRP/U{"ok":true,"generated_at":"2{"ok":true,"generated_at":"2026-09-26T15:53:01.888Z","equity":9928.7,"pnl":-71.3,"positions":2,"backtests":15,"markets":["BTC/USD","ETH/USD","SOL/USD","XRP/USD{"ok":true,"generated_at":{"ok":true,"generated_at":"2026-09-26T15:54:05.937Z","equity":9938.27,"pnl":-61.73,"positions":2,"backtests":15,"markets":["BTC/USD","ETH/USD","SOL/USD","XRP/USD{"ok":true,"generated_at":{"ok":true,"generated_at":"2026-09-26T15:55:09.801Z","equity":9949.36,"pnl":-50.64,"positions":2,"backtests":15,"markets":["BTC/USD","ETH/USD","SOL/USD","XRP/USD{"ok":true,"generated_at":{"ok":true,"generated_at":"2026-09-26T15:56:13.250Z","equity":9941.35,"pnl":-58.65,"positions":2,"backtests":15,"markets":["BTC/USD","ETH/USD","SOL/USD","XRP/USD{"ok":true,"generated_at":{"ok":true,"generated_at":"2026-09-26T15:57:16.619Z","equity":9950.59,"pnl":-49.41,"positions":2,"backtests":15,"markets":["BTC/USD","ETH/USD","SOL/USD","XRP/USD{"ok":true,"generated_at":{"ok":true,"generated_at":"2026-09-26T15:58:20.215Z","equity":9944.66,"pnl":-55.34,"positions":2,"backtests":15,"markets":["BTC/USD","ETH/USD","SOL/USD","XRP/USD{"ok":true,"generated_at":{"ok":true,"generated_at":"2026-09-26T15:59:23.806Z","equity":9939.37,"pnl":-60.63,"positions":2,"backtests":15,"markets":["BTC/USD","ETH/USD","SOL/USD","XRP/USD{"ok":true,"generated_at":{"ok":true,"generated_at":"2026-09-26T16:00:27.217Z","equity":9923.28,"pnl":-76.72,"positions":1,"backtests":15,"markets":["BTC/USD","ETH/USD","SOL/USD","XRP/USD{"ok":true,"generated_at":{"ok":true,"generated_at":"2026-09-26T16:01:30.661Z","equity":9923,"pnl":-77,"positions":1,"backtests":15,"markets":["BTC/USD","ETH/USD","SOL/USD","XRP/USD{"ok":true,"generated_at":{"ok":true,"generated_at":"2026-09-26T16:02:34.432Z","equity":9923,"pnl":-77,"positions":1,"backtests":15,"markets":["BTC/USD","ETH/USD","SOL/USD","XRP/USD","TAO{"ok":true,"generated_at":"2026-09-26T16:03:39.219Z","equity":9921.29,"pnl":-78.71,"positions":1,"backtests":15,"markets":["BTC/USD","ETH/USD","SOL/USD","XRP/USD","TAO/USD"],"errors":{}}
{"ok":true,"generated_at":"2026-09-26T16:04:46.587Z","equity":9921.86,"pnl":-78.14,"positions":1,"backtests":15,"markets":["BTC/USD","ETH/USD","SOL/USD","XRP/USD","TAO/USD"],"errors":{}}
{"ok":true,"generated_at":"2026-09-26T16:05:50.693Z","equity":9922.14,"pnl":-77.86,"positions":1,"backtests":15,"markets":["BTC/USD","ETH/USD","SOL/USD","XRP/USD","TAO/USD"],"errors":{}}
{"ok":true,"generated_at":"2026-09-26T16:06:53.983Z","equity":9921,"pnl":-79,"positions":1,"backtests":15,"markets":["BTC/USD","ETH/USD","SOL/USD","XRP/USD","TAO/USD"],"errors":{}}
{"ok":true,"generated_at":"2026-09-26T16:07:58.357Z","equity":9919.58,"pnl":-80.42,"positions":1,"backtests":15,"markets":["BTC/USD","ETH/USD","SOL/USD","XRP/USD","TAO/USD"],"errors":{}}
{"ok":true,"generated_at":"2026-09-26T16:09:01.710Z","equity":9920.15,"pnl":-79.85,"positions":1,"backtests":15,"markets":["BTC/USD","ETH/USD","SOL/USD","XRP/USD","TAO/USD"],"errors":{}}
{"ok":true,"generated_at":"2026-09-26T16:10:05.285Z","equity":9920.43,"pnl":-79.57,"positions":1,"backtests":15,"markets":["BTC/USD","ETH/USD","SOL/USD","XRP/USD","TAO/USD"],"errors":{}}
{"ok":true,"generated_at":"2026-09-26T16:11:08.580Z","equity":9920.15,"pnl":-79.85,"positions":1,"backtests":15,"markets":["BTC/USD","ETH/USD","SOL/USD","XRP/USD","TAO/USD"],"errors":{}}
{"ok":true,"generated_at":"2026-09-26T16:12:13.551Z","equity":9920.15,"pnl":-79.85,"positions":1,"backtests":15,"markets":["BTC/USD","ETH/USD","SOL/USD","XRP/USD","TAO/USD"],"errors":{}}
{"ok":true,"generated_at":"2026-09-26T16:13:16.886Z","equity":9919.58,"pnl":-80.42,"positions":1,"backtests":15,"markets":["BTC/USD","ETH/USD","SOL/USD","XRP/USD","TAO/USD"],"errors":{}}
{"ok":true,"generated_at":"2026-09-26T16:14:20.095Z","equity":9918.72,"pnl":-81.28,"positions":1,"backtests":15,"markets":["BTC/USD","ETH/USD","SOL/USD","XRP/USD","TAO/USD"],"errors":{}}
{"ok":true,"generated_at":"2026-09-26T16:15:23.324Z","equity":9920.43,"pnl":-79.57,"positions":1,"backtests":15,"markets":["BTC/USD","ETH/USD","SOL/USD","XRP/USD","TAO/USD"],"errors":{}}
{"ok":true,"generated_at":"2026-09-26T16:16:29.176Z","equity":9919.01,"pnl":-80.99,"positions":1,"backtests":15,"markets":["BTC/USD","ETH/USD","SOL/USD","XRP/USD","TAO/USD"],"errors":{}}
{"ok":true,"generated_at":"2026-09-26T16:17:32.910Z","equity":9917.87,"pnl":-82.13,"positions":1,"backtests":15,"markets":["BTC/USD","ETH/USD","SOL/USD","XRP/USD","TAO/USD"],"errors":{}}
{"ok":true,"generated_at":"2026-09-26T16:18:36.514Z","equity":9918.15,"pnl":-81.85,"positions":1,"backtests":15,"markets":["BTC/USD","ETH/USD","SOL/USD","XRP/USD","TAO/USD"],"errors":{}}
{"ok":true,"generated_at":"2026-09-26T16:19:39.781Z","equity":9918.15,"pnl":-81.85,"positions":1,"backtests":15,"markets":["BTC/USD","ETH/USD","SOL/USD","XRP/USD","TAO/USD"],"errors":{}}
{"ok":true,"generated_at":"2026-09-26T16:20:43.096Z","equity":9915.88,"pnl":-84.12,"positions":1,"backtests":15,"markets":["BTC/USD","ETH/USD","SOL/USD","XRP/USD","TAO/USD"],"errors":{}}
{"ok":true,"generated_at":"2026-09-26T16:21:46.874Z","equity":9913.6,"pnl":-86.4,"positions":1,"backtests":15,"markets":["BTC/USD","ETH/USD","SOL/USD","XRP/USD","TAO/USD"],"errors":{}}
{"ok":true,"generated_at":"2026-09-26T16:22:50.238Z","equity":9914.45,"pnl":-85.55,"positions":1,"backtests":15,"markets":["BTC/USD","ETH/USD","SOL/USD","XRP/USD","TAO/USD"],"errors":{}}
{"ok":true,"generated_at":"2026-09-26T16:23:53.486Z","equity":9914.45,"pnl":-85.55,"positions":1,"backtests":15,"markets":["BTC/USD","ETH/USD","SOL/USD","XRP/USD","TAO/USD"],"errors":{}}
{"ok":true,"generated_at":"2026-09-26T16:24:59.378Z","equity":9913.6,"pnl":-86.4,"positions":1,"backtests":15,"markets":["BTC/USD","ETH/USD","SOL/USD","XRP/USD","TAO/USD"],"errors":{}}
{"ok":true,"generated_at":"2026-09-26T16:26:02.831Z","equity":9914.17,"pnl":-85.83,"positions":1,"backtests":15,"markets":["BTC/USD","ETH/USD","SOL/USD","XRP/USD","TAO/USD"],"errors":{}}
{"ok":true,"generated_at":"2026-09-26T16:27:06.187Z","equity":9914.74,"pnl":-85.26,"positions":1,"backtests":15,"markets":["BTC/USD","ETH/USD","SOL/USD","XRP/USD","TAO/USD"],"errors":{}}
{"ok":true,"generated_at":"2026-09-26T16:28:09.982Z","equity":9911.03,"pnl":-88.97,"positions":1,"backtests":15,"markets":["BTC/USD","ETH/USD","SOL/USD","XRP/USD","TAO/USD"],"errors":{}}
{"ok":true,"generated_at":"2026-09-26T16:29:13.293Z","equity":9913.31,"pnl":-86.69,"positions":1,"backtests":15,"markets":["BTC/USD","ETH/USD","SOL/USD","XRP/USD","TAO/USD"],"errors":{}}
{"ok":true,"generated_at":"2026-09-26T16:30:16.937Z","equity":9913.03,"pnl":-86.97,"positions":1,"backtests":15,"markets":["BTC/USD","ETH/USD","SOL/USD","XRP/USD","TAO/USD"],"errors":{}}
{"ok":true,"generated_at":"2026-09-26T16:31:20.956Z","equity":9916.45,"pnl":-83.55,"positions":1,"backtests":15,"markets":["BTC/USD","ETH/USD","SOL/USD","XRP/USD","TAO/USD"],"errors":{}}
{"ok":true,"generated_at":"2026-09-26T16:32:24.578Z","equity":9918.72,"pnl":-81.28,"positions":1,"backtests":15,"markets":["BTC/USD","ETH/USD","SOL/USD","XRP/USD","TAO/USD"],"errors":{}}
{"ok":true,"generated_at":"2026-09-26T16:33:28.108Z","equity":9919.86,"pnl":-80.14,"positions":1,"backtests":15,"markets":["BTC/USD","ETH/USD","SOL/USD","XRP/USD","TAO/USD"],"errors":{}}
{"ok":true,"generated_at":"2026-09-26T16:34:31.807Z","equity":9920.43,"pnl":-79.57,"positions":1,"backtests":15,"markets":["BTC/USD","ETH/USD","SOL/USD","XRP/USD","TAO/USD"],"errors":{}}
{"ok":true,"generated_at":"2026-09-26T16:35:35.456Z","equity":9919.01,"pnl":-80.99,"positions":1,"backtests":15,"markets":["BTC/USD","ETH/USD","SOL/USD","XRP/USD","TAO/USD"],"errors":{}}
{"ok":true,"generated_at":"2026-09-26T16:36:39.092Z","equity":9916.73,"pnl":-83.27,"positions":1,"backtests":15,"markets":["BTC/USD","ETH/USD","SOL/USD","XRP/USD","TAO/USD"],"errors":{}}
{"ok":true,"generated_at":"2026-09-26T16:37:43.056Z","equity":9916.16,"pnl":-83.84,"positions":1,"backtests":15,"markets":["BTC/USD","ETH/USD","SOL/USD","XRP/USD","TAO/USD"],"errors":{}}
{"ok":true,"generated_at":"2026-09-26T16:38:46.425Z","equity":9916.16,"pnl":-83.84,"positions":1,"backtests":15,"markets":["BTC/USD","ETH/USD","SOL/USD","XRP/USD","TAO/USD"],"errors":{}}
{"ok":true,"generated_at":"2026-09-26T16:39:49.867Z","equity":9916.16,"pnl":-83.84,"positions":1,"backtests":15,"markets":["BTC/USD","ETH/USD","SOL/USD","XRP/USD","TAO/USD"],"errors":{}}
{"ok":true,"generated_at":"2026-09-26T16:40:53.315Z","equity":9916.45,"pnl":-83.55,"positions":1,"backtests":15,"markets":["BTC/USD","ETH/USD","SOL/USD","XRP/USD","TAO/USD"],"errors":{}}
{"ok":true,"generated_at":"2026-09-26T16:41:56.827Z","equity":9916.16,"pnl":-83.84,"positions":1,"backtests":15,"markets":["BTC/USD","ETH/USD","SOL/USD","XRP/USD","TAO/USD"],"errors":{}}
{"ok":true,"generated_at":"2026-09-26T16:43:00.282Z","equity":9916.16,"pnl":-83.84,"positions":1,"backtests":15,"markets":["BTC/USD","ETH/USD","SOL/USD","XRP/USD","TAO/USD"],"errors":{}}
{"ok":true,"generated_at":"2026-09-26T16:44:03.366Z","equity":9916.16,"pnl":-83.84,"positions":1,"backtests":15,"markets":["BTC/USD","ETH/USD","SOL/USD","XRP/USD","TAO/USD"],"errors":{}}
{"ok":true,"generated_at":"2026-09-26T16:45:06.625Z","equity":9914.17,"pnl":-85.83,"positions":1,"backtests":15,"markets":["BTC/USD","ETH/USD","SOL/USD","XRP/USD","TAO/USD"],"errors":{}}
{"ok":true,"generated_at":"2026-09-26T16:46:09.899Z","equity":9913.03,"pnl":-86.97,"positions":1,"backtests":15,"markets":["BTC/USD","ETH/USD","SOL/USD","XRP/USD","TAO/USD"],"errors":{}}
{"ok":true,"generated_at":"2026-09-26T16:47:13.340Z","equity":9913.31,"pnl":-86.69,"positions":1,"backtests":15,"markets":["BTC/USD","ETH/USD","SOL/USD","XRP/USD","TAO/USD"],"errors":{}}
{"ok":true,"generated_at":"2026-09-26T16:48:16.703Z","equity":9914.17,"pnl":-85.83,"positions":1,"backtests":15,"markets":["BTC/USD","ETH/USD","SOL/USD","XRP/USD","TAO/USD"],"errors":{}}
{"ok":true,"generated_at":"2026-09-26T16:49:34.801Z","equity":9913.6,"pnl":-86.4,"positions":1,"backtests":15,"markets":["BTC/USD","ETH/USD","SOL/USD","XRP/USD","TAO/USD"],"errors":{}}
{"ok":true,"generated_at":"2026-09-26T16:50:38.422Z","equity":9913.6,"pnl":-86.4,"positions":1,"backtests":15,"markets":["BTC/USD","ETH/USD","SOL/USD","XRP/USD","TAO/USD"],"errors":{}}
{"ok":true,"generated_at":"2026-09-26T16:51:42.145Z","equity":9913.88,"pnl":-86.12,"positions":1,"backtests":15,"markets":["BTC/USD","ETH/USD","SOL/USD","XRP/USD","TAO/USD"],"errors":{}}
{"ok":true,"generated_at":"2026-09-26T16:52:45.627Z","equity":9914.74,"pnl":-85.26,"positions":1,"backtests":15,"markets":["BTC/USD","ETH/USD","SOL/USD","XRP/USD","TAO/USD"],"errors":{}}
{"ok":true,"generated_at":"2026-09-26T16:53:49.279Z","equity":9915.31,"pnl":-84.69,"positions":1,"backtests":15,"markets":["BTC/USD","ETH/USD","SOL/USD","XRP/USD","TAO/USD"],"errors":{}}
{"ok":true,"generated_at":"2026-09-26T16:54:52.533Z","equity":9915.31,"pnl":-84.69,"positions":1,"backtests":15,"markets":["BTC/USD","ETH/USD","SOL/USD","XRP/USD","TAO/USD"],"errors":{}}
{"ok":true,"generated_at":"2026-09-26T16:55:55.696Z","equity":9915.88,"pnl":-84.12,"positions":1,"backtests":15,"markets":["BTC/USD","ETH/USD","SOL/USD","XRP/USD","TAO/USD"],"errors":{}}
{"ok":true,"generated_at":"2026-09-26T16:56:59.026Z","equity":9913.6,"pnl":-86.4,"positions":1,"backtests":15,"markets":["BTC/USD","ETH/USD","SOL/USD","XRP/USD","TAO/USD"],"errors":{}}
{"ok":true,"generated_at":"2026-09-26T16:58:02.576Z","equity":9915.88,"pnl":-84.12,"positions":1,"backtests":15,"markets":["BTC/USD","ETH/USD","SOL/USD","XRP/USD","TAO/USD"],"errors":{}}
{"ok":true,"generated_at":"2026-09-26T16:59:05.784Z","equity":9915.31,"pnl":-84.69,"positions":1,"backtests":15,"markets":["BTC/USD","ETH/USD","SOL/USD","XRP/USD","TAO/USD"],"errors":{}}
{"ok":true,"generated_at":"2026-09-26T17:00:08.930Z","equity":9906.56,"pnl":-93.44,"positions":2,"backtests":15,"markets":["BTC/USD","ETH/USD","SOL/USD","XRP/USD","TAO/USD"],"errors":{}}
{"ok":true,"generated_at":"2026-09-26T17:01:12.576Z","equity":9900.79,"pnl":-99.21,"positions":2,"backtests":15,"markets":["BTC/USD","ETH/USD","SOL/USD","XRP/USD","TAO/USD"],"errors":{}}
{"ok":true,"generated_at":"2026-09-26T17:02:16.229Z","equity":9903.64,"pnl":-96.36,"positions":2,"backtests":15,"markets":["BTC/USD","ETH/USD","SOL/USD","XRP/USD","TAO/USD"],"errors":{}}
{"ok":true,"generated_at":"2026-09-26T17:03:19.714Z","equity":9894.85,"pnl":-105.15,"positions":2,"backtests":15,"markets":["BTC/USD","ETH/USD","SOL/USD","XRP/USD","TAO/USD"],"errors":{}}
{"ok":true,"generated_at":"2026-09-26T17:04:22.905Z","equity":9887.18,"pnl":-112.82,"positions":2,"backtests":15,"markets":["BTC/USD","ETH/USD","SOL/USD","XRP/USD","TAO/USD"],"errors":{}}
{"ok":true,"generated_at":"2026-09-26T17:05:26.432Z","equity":9878.6,"pnl":-121.4,"positions":2,"backtests":15,"markets":["BTC/USD","ETH/USD","SOL/USD","XRP/USD","TAO/USD"],"errors":{}}
{"ok":true,"generated_at":"2026-09-26T17:06:31.384Z","equity":9879.12,"pnl":-120.88,"positions":2,"backtests":15,"markets":["BTC/USD","ETH/USD","SOL/USD","XRP/USD","TAO/USD"],"errors":{}}
{"ok":true,"generated_at":"2026-09-26T17:07:34.802Z","equity":9871.43,"pnl":-128.57,"positions":2,"backtests":15,"markets":["BTC/USD","ETH/USD","SOL/USD","XRP/USD","TAO/USD"],"errors":{}}
{"ok":true,"generated_at":"2026-09-26T17:08:39.329Z","equity":9867.9,"pnl":-132.1,"positions":2,"backtests":15,"markets":["BTC/USD","ETH/USD","SOL/USD","XRP/USD","TAO/USD"],"errors":{}}
{"ok":true,"generated_at":"2026-09-26T17:09:42.952Z","equity":9873.19,"pnl":-126.81,"positions":2,"backtests":15,"markets":["BTC/USD","ETH/USD","SOL/USD","XRP/USD","TAO/USD"],"errors":{}}
{"ok":true,"generated_at":"2026-09-26T17:10:47.169Z","equity":9872.31,"pnl":-127.69,"positions":2,"backtests":15,"markets":["BTC/USD","ETH/USD","SOL/USD","XRP/USD","TAO/USD"],"errors":{}}
{"ok":true,"generated_at":"2026-09-26T17:11:50.406Z","equity":9866.28,"pnl":-133.72,"positions":2,"backtests":15,"markets":["BTC/USD","ETH/USD","SOL/USD","XRP/USD","TAO/USD"],"errors":{}}
{"ok":true,"generated_at":"2026-09-26T17:12:53.662Z","equity":9869.25,"pnl":-130.75,"positions":2,"backtests":15,"markets":["BTC/USD","ETH/USD","SOL/USD","XRP/USD","TAO/USD"],"errors":{}}
{"ok":true,"generated_at":"2026-09-26T17:13:57.304Z","equity":9877.05,"pnl":-122.95,"positions":2,"backtests":15,"markets":["BTC/USD","ETH/USD","SOL/USD","XRP/USD","TAO/USD"],"errors":{}}
{"ok":true,"generated_at":"2026-09-26T17:15:01.194Z","equity":9875.44,"pnl":-124.56,"positions":2,"backtests":15,"markets":["BTC/USD","ETH/USD","SOL/USD","XRP/USD","TAO/USD"],"errors":{}}
{"ok":true,"generated_at":"2026-09-26T17:16:05.010Z","equity":9863.01,"pnl":-136.99,"positions":2,"backtests":15,"markets":["BTC/USD","ETH/USD","SOL/USD","XRP/USD","TAO/USD"],"errors":{}}
{"ok":true,"generated_at":"2026-09-26T17:17:08.499Z","equity":9859.56,"pnl":-140.44,"positions":2,"backtests":15,"markets":["BTC/USD","ETH/USD","SOL/USD","XRP/USD","TAO/USD"],"errors":{}}
{"ok":true,"generated_at":"2026-09-26T17:18:12.485Z","equity":9864.01,"pnl":-135.99,"positions":2,"backtests":15,"markets":["BTC/USD","ETH/USD","SOL/USD","XRP/USD","TAO/USD"],"errors":{}}
{"ok":true,"generated_at":"2026-09-26T17:19:15.926Z","equity":9862.3,"pnl":-137.7,"positions":2,"backtests":15,"markets":["BTC/USD","ETH/USD","SOL/USD","XRP/USD","TAO/USD"],"errors":{}}
{"ok":true,"generated_at":"2026-09-26T17:20:19.287Z","equity":9858.47,"pnl":-141.53,"positions":2,"backtests":15,"markets":["BTC/USD","ETH/USD","SOL/USD","XRP/USD","TAO/USD"],"errors":{}}
{"ok":true,"generated_at":"2026-09-26T17:21:23.895Z","equity":9859.76,"pnl":-140.24,"positions":2,"backtests":15,"markets":["BTC/USD","ETH/USD","SOL/USD","XRP/USD","TAO/USD"],"errors":{}}
{"ok":true,"generated_at":"2026-09-26T17:22:27.889Z","equity":9857.69,"pnl":-142.31,"positions":2,"backtests":15,"markets":["BTC/USD","ETH/USD","SOL/USD","XRP/USD","TAO/USD"],"errors":{}}
{"ok":true,"generated_at":"2026-09-26T17:23:31.290Z","equity":9867.72,"pnl":-132.28,"positions":2,"backtests":15,"markets":["BTC/USD","ETH/USD","SOL/USD","XRP/USD","TAO/USD"],"errors":{}}
{"ok":true,"generated_at":"2026-09-26T17:24:34.867Z","equity":9869.51,"pnl":-130.49,"positions":2,"backtests":15,"markets":["BTC/USD","ETH/USD","SOL/USD","XRP/USD","TAO/USD"],"errors":{}}
{"ok":true,"generated_at":"2026-09-26T17:25:38.350Z","equity":9873.21,"pnl":-126.79,"positions":2,"backtests":15,"markets":["BTC/USD","ETH/USD","SOL/USD","XRP/USD","TAO/USD"],"errors":{}}
{"ok":true,"generated_at":"2026-09-26T17:26:42.029Z","equity":9873.66,"pnl":-126.34,"positions":2,"backtests":15,"markets":["BTC/USD","ETH/USD","SOL/USD","XRP/USD","TAO/USD"],"errors":{}}
{"ok":true,"generated_at":"2026-09-26T17:27:45.239Z","equity":9876.63,"pnl":-123.37,"positions":2,"backtests":15,"markets":["BTC/USD","ETH/USD","SOL/USD","XRP/USD","TAO/USD"],"errors":{}}
{"ok":true,"generated_at":"2026-09-26T17:28:48.641Z","equity":9877.7,"pnl":-122.3,"positions":2,"backtests":15,"markets":["BTC/USD","ETH/USD","SOL/USD","XRP/USD","TAO/USD"],"errors":{}}
{"ok":true,"generated_at":"2026-09-26T17:29:52.010Z","equity":9873.19,"pnl":-126.81,"positions":2,"backtests":15,"markets":["BTC/USD","ETH/USD","SOL/USD","XRP/USD","TAO/USD"],"errors":{}}
{"ok":true,"generated_at":"2026-09-26T17:30:55.190Z","equity":9870.86,"pnl":-129.14,"positions":2,"backtests":15,"markets":["BTC/USD","ETH/USD","SOL/USD","XRP/USD","TAO/USD"],"errors":{}}
{"ok":true,"generated_at":"2026-09-26T17:31:59.001Z","equity":9866.24,"pnl":-133.76,"positions":2,"backtests":15,"markets":["BTC/USD","ETH/USD","SOL/USD","XRP/USD","TAO/USD"],"errors":{}}
{"ok":true,"generated_at":"2026-09-26T17:33:02.871Z","equity":9866.5,"pnl":-133.5,"positions":2,"backtests":15,"markets":["BTC/USD","ETH/USD","SOL/USD","XRP/USD","TAO/USD"],"errors":{}}
{"ok":true,"generated_at":"2026-09-26T17:34:06.271Z","equity":9869.22,"pnl":-130.78,"positions":2,"backtests":15,"markets":["BTC/USD","ETH/USD","SOL/USD","XRP/USD","TAO/USD"],"errors":{}}
{"ok":true,"generated_at":"2026-09-26T17:35:09.887Z","equity":9865.13,"pnl":-134.87,"positions":2,"backtests":15,"markets":["BTC/USD","ETH/USD","SOL/USD","XRP/USD","TAO/USD"],"errors":{}}
{"ok":true,"generated_at":"2026-09-26T17:36:14.003Z","equity":9864.81,"pnl":-135.19,"positions":2,"backtests":15,"markets":["BTC/USD","ETH/USD","SOL/USD","XRP/USD","TAO/USD"],"errors":{}}
{"ok":true,"generated_at":"2026-09-26T17:37:17.782Z","equity":9873.03,"pnl":-126.97,"positions":2,"backtests":15,"markets":["BTC/USD","ETH/USD","SOL/USD","XRP/USD","TAO/USD"],"errors":{}}
{"ok":true,"generated_at":"2026-09-26T17:38:21.243Z","equity":9873.09,"pnl":-126.91,"positions":2,"backtests":15,"markets":["BTC/USD","ETH/USD","SOL/USD","XRP/USD","TAO/USD"],"errors":{}}
{"ok":true,"generated_at":"2026-09-26T17:39:24.499Z","equity":9873.63,"pnl":-126.37,"positions":2,"backtests":15,"markets":["BTC/USD","ETH/USD","SOL/USD","XRP/USD","TAO/USD"],"errors":{}}
{"ok":true,"generated_at":"2026-09-26T17:40:27.955Z","equity":9876.11,"pnl":-123.89,"positions":2,"backtests":15,"markets":["BTC/USD","ETH/USD","SOL/USD","XRP/USD","TAO/USD"],"errors":{}}
{"ok":true,"generated_at":"2026-09-26T17:41:31.213Z","equity":9873.47,"pnl":-126.53,"positions":2,"backtests":15,"markets":["BTC/USD","ETH/USD","SOL/USD","XRP/USD","TAO/USD"],"errors":{}}
{"ok":true,"generated_at":"2026-09-26T17:42:35.210Z","equity":9873.19,"pnl":-126.81,"positions":2,"backtests":15,"markets":["BTC/USD","ETH/USD","SOL/USD","XRP/USD","TAO/USD"],"errors":{}}
{"ok":true,"generated_at":"2026-09-26T17:43:39.369Z","equity":9874.12,"pnl":-125.88,"positions":2,"backtests":15,"markets":["BTC/USD","ETH/USD","SOL/USD","XRP/USD","TAO/USD"],"errors":{}}
{"ok":true,"generated_at":"2026-09-26T17:44:42.810Z","equity":9882.72,"pnl":-117.28,"positions":2,"backtests":15,"markets":["BTC/USD","ETH/USD","SOL/USD","XRP/USD","TAO/USD"],"errors":{}}
{"ok":true,"generated_at":"2026-09-26T17:45:46.260Z","equity":9877.74,"pnl":-122.26,"positions":2,"backtests":15,"markets":["BTC/USD","ETH/USD","SOL/USD","XRP/USD","TAO/USD"],"errors":{}}
{"ok":true,"generated_at":"2026-09-26T17:46:51.424Z","equity":9867.37,"pnl":-132.63,"positions":2,"backtests":15,"markets":["BTC/USD","ETH/USD","SOL/USD","XRP/USD","TAO/USD"],"errors":{}}
{"ok":true,"generated_at":"2026-09-26T17:47:55.355Z","equity":9870.69,"pnl":-129.31,"positions":2,"backtests":15,"markets":["BTC/USD","ETH/USD","SOL/USD","XRP/USD","TAO/USD"],"errors":{}}
{"ok":true,"generated_at":"2026-09-26T17:48:58.686Z","equity":9873.59,"pnl":-126.41,"positions":2,"backtests":15,"markets":["BTC/USD","ETH/USD","SOL/USD","XRP/USD","TAO/USD"],"errors":{}}
{"ok":true,"generated_at":"2026-09-26T17:50:01.957Z","equity":9863.05,"pnl":-136.95,"positions":2,"backtests":15,"markets":["BTC/USD","ETH/USD","SOL/USD","XRP/USD","TAO/USD"],"errors":{}}
{"ok":true,"generated_at":"2026-09-26T17:51:05.248Z","equity":9859.07,"pnl":-140.93,"positions":2,"backtests":15,"markets":["BTC/USD","ETH/USD","SOL/USD","XRP/USD","TAO/USD"],"errors":{}}
{"ok":true,"generated_at":"2026-09-26T17:52:08.426Z","equity":9860.58,"pnl":-139.42,"positions":2,"backtests":15,"markets":["BTC/USD","ETH/USD","SOL/USD","XRP/USD","TAO/USD"],"errors":{}}
{"ok":true,"generated_at":"2026-09-26T17:53:11.647Z","equity":9859.75,"pnl":-140.25,"positions":2,"backtests":15,"markets":["BTC/USD","ETH/USD","SOL/USD","XRP/USD","TAO/USD"],"errors":{}}
{"ok":true,"generated_at":"2026-09-26T17:54:14.985Z","equity":9861.36,"pnl":-138.64,"positions":2,"backtests":15,"markets":["BTC/USD","ETH/USD","SOL/USD","XRP/USD","TAO/USD"],"errors":{}}
{"ok":true,"generated_at"{"ok":true,"generated_at":"2026-09-26T17:55:31.986Z","equity":9859.85,"pnl":-140.15,"positions":2,"backtests":15,"markets":["BTC/USD","ETH/USD","SOL/USD","XRP/USD"{"ok":true,"generated_at"{"ok":true,"generated_at":"2026-09-26T17:56:35.577Z","equity":9860.04,"pnl":-139.96,"positions":2,"backtests":15,"markets":["BTC/USD","ETH/USD","SOL/USD","XRP/USD"{"ok":true,"generated_at":"2026-09-26T17:57:39.281Z","equity":9864.57,"pnl":-135.43,"positions":2,"backtests":15,"markets":["BTC/USD","ETH/USD","SOL/USD","XRP/USD","TAO/USD"],"errors":{}}
{"ok":true,"generated_at":"2026-09-26T17:58:44.288Z","equity":9856.61,"pnl":-143.39,"positions":2,"backtests":15,"markets":["BTC/USD","ETH/USD","SOL/USD","XRP/USD","TAO/USD"],"errors":{}}
{"ok":true,"generated_at":"2026-09-26T17:59:47.765Z","equity":9856.84,"pnl":-143.16,"positions":2,"backtests":15,"markets":["BTC/USD","ETH/USD","SOL/USD","XRP/USD","TAO/USD"],"errors":{}}
{"ok":true,"generated_at":"2026-09-26T18:00:51.204Z","equity":9846.56,"pnl":-153.44,"positions":2,"backtests":15,"markets":["BTC/USD","ETH/USD","SOL/USD","XRP/USD","TAO/USD"],"errors":{}}
{"ok":true,"generated_at":"2026-09-26T18:01:54.884Z","equity":9846.45,"pnl":-153.55,"positions":2,"backtests":15,"markets":["BTC/USD","ETH/USD","SOL/USD","XRP/USD","TAO/USD"],"errors":{}}
{"ok":true,"generated_at":"2026-09-26T18:02:58.617Z","equity":9848.96,"pnl":-151.04,"positions":2,"backtests":15,"markets":["BTC/USD","ETH/USD","SOL/USD","XRP/USD","TAO/USD"],"errors":{}}
{"ok":true,"generated_at":"2026-09-26T18:04:02.251Z","equity":9852.64,"pnl":-147.36,"positions":2,"backtests":15,"markets":["BTC/USD","ETH/USD","SOL/USD","XRP/USD","TAO/USD"],"errors":{}}
{"ok":true,"generated_at":"2026-09-26T18:05:07.820Z","equity":9852.15,"pnl":-147.85,"positions":2,"backtests":15,"markets":["BTC/USD","ETH/USD","SOL/USD","XRP/USD","TAO/USD"],"errors":{}}
{"ok":true,"generated_at":"2026-09-26T18:06:11.450Z","equity":9850.18,"pnl":-149.82,"positions":2,"backtests":15,"markets":["BTC/USD","ETH/USD","SOL/USD","XRP/USD","TAO/USD"],"errors":{}}
{"ok":true,"generated_at":"2026-09-26T18:07:15.179Z","equity":9844.24,"pnl":-155.76,"positions":2,"backtests":15,"markets":["BTC/USD","ETH/USD","SOL/USD","XRP/USD","TAO/USD"],"errors":{}}
{"ok":true,"generated_at":"2026-09-26T18:08:18.697Z","equity":9828.79,"pnl":-171.21,"positions":2,"backtests":15,"markets":["BTC/USD","ETH/USD","SOL/USD","XRP/USD","TAO/USD"],"errors":{}}
{"ok":true,"generated_at":"2026-09-26T18:09:22.252Z","equity":9831.23,"pnl":-168.77,"positions":2,"backtests":15,"markets":["BTC/USD","ETH/USD","SOL/USD","XRP/USD","TAO/USD"],"errors":{}}
{"ok":true,"generated_at":"2026-09-26T18:10:26.688Z","equity":9827.06,"pnl":-172.94,"positions":2,"backtests":15,"markets":["BTC/USD","ETH/USD","SOL/USD","XRP/USD","TAO/USD"],"errors":{}}
{"ok":true,"generated_at":"2026-09-26T18:11:30.464Z","equity":9826.72,"pnl":-173.28,"positions":2,"backtests":15,"markets":["BTC/USD","ETH/USD","SOL/USD","XRP/USD","TAO/USD"],"errors":{}}
{"ok":true,"generated_at":"2026-09-26T18:12:33.905Z","equity":9827.37,"pnl":-172.63,"positions":2,"backtests":15,"markets":["BTC/USD","ETH/USD","SOL/USD","XRP/USD","TAO/USD"],"errors":{}}
{"ok":true,"generated_at":"2026-09-26T18:13:39.132Z","equity":9831.42,"pnl":-168.58,"positions":2,"backtests":15,"markets":["BTC/USD","ETH/USD","SOL/USD","XRP/USD","TAO/USD"],"errors":{}}
{"ok":true,"generated_at":"2026-09-26T18:14:42.848Z","equity":9834.19,"pnl":-165.81,"positions":2,"backtests":15,"markets":["BTC/USD","ETH/USD","SOL/USD","XRP/USD","TAO/USD"],"errors":{}}
{"ok":true,"generated_at":"2026-09-26T18:15:46.414Z","equity":9820.92,"pnl":-179.08,"positions":2,"backtests":15,"markets":["BTC/USD","ETH/USD","SOL/USD","XRP/USD","TAO/USD"],"errors":{}}
{"ok":true,"generated_at":"2026-09-26T18:16:50.948Z","equity":9821.51,"pnl":-178.49,"positions":2,"backtests":15,"markets":["BTC/USD","ETH/USD","SOL/USD","XRP/USD","TAO/USD"],"errors":{}}
{"ok":true,"generated_at":"2026-09-26T18:17:54.280Z","equity":9816.59,"pnl":-183.41,"positions":2,"backtests":15,"markets":["BTC/USD","ETH/USD","SOL/USD","XRP/USD","TAO/USD"],"errors":{}}
{"ok":true,"generated_at":"2026-09-26T18:18:57.824Z","equity":9819.84,"pnl":-180.16,"positions":2,"backtests":15,"markets":["BTC/USD","ETH/USD","SOL/USD","XRP/USD","TAO/USD"],"errors":{}}
{"ok":true,"generated_at":"2026-09-26T18:20:01.483Z","equity":9820.41,"pnl":-179.59,"positions":2,"backtests":15,"markets":["BTC/USD","ETH/USD","SOL/USD","XRP/USD","TAO/USD"],"errors":{}}
{"ok":true,"generated_at":"2026-09-26T18:21:05.466Z","equity":9825.8,"pnl":-174.2,"positions":2,"backtests":15,"markets":["BTC/USD","ETH/USD","SOL/USD","XRP/USD","TAO/USD"],"errors":{}}
{"ok":true,"generated_at":"2026-09-26T18:22:09.020Z","equity":9832.3,"pnl":-167.7,"positions":2,"backtests":15,"markets":["BTC/USD","ETH/USD","SOL/USD","XRP/USD","TAO/USD"],"errors":{}}
{"ok":true,"generated_at":"2026-09-26T18:23:12.499Z","equity":9826.41,"pnl":-173.59,"positions":2,"backtests":15,"markets":["BTC/USD","ETH/USD","SOL/USD","XRP/USD","TAO/USD"],"errors":{}}
{"ok":true,"generated_at":"2026-09-26T18:24:15.826Z","equity":9823.67,"pnl":-176.33,"positions":2,"backtests":15,"markets":["BTC/USD","ETH/USD","SOL/USD","XRP/USD","TAO/USD"],"errors":{}}
{"ok":true,"generated_at":"2026-09-26T18:25:19.325Z","equity":9826.49,"pnl":-173.51,"positions":2,"backtests":15,"markets":["BTC/USD","ETH/USD","SOL/USD","XRP/USD","TAO/USD"],"errors":{}}
{"ok":true,"generated_at":"2026-09-26T18:26:22.934Z","equity":9824.89,"pnl":-175.11,"positions":2,"backtests":15,"markets":["BTC/USD","ETH/USD","SOL/USD","XRP/USD","TAO/USD"],"errors":{}}
{"ok":true,"generated_at":"2026-09-26T18:27:26.252Z","equity":9830.14,"pnl":-169.86,"positions":2,"backtests":15,"markets":["BTC/USD","ETH/USD","SOL/USD","XRP/USD","TAO/USD"],"errors":{}}
{"ok":true,"generated_at":"2026-09-26T18:28:29.834Z","equity":9826.1,"pnl":-173.9,"positions":2,"backtests":15,"markets":["BTC/USD","ETH/USD","SOL/USD","XRP/USD","TAO/USD"],"errors":{}}
{"ok":true,"generated_at":"2026-09-26T18:29:33.521Z","equity":9824.19,"pnl":-175.81,"positions":2,"backtests":15,"markets":["BTC/USD","ETH/USD","SOL/USD","XRP/USD","TAO/USD"],"errors":{}}
{"ok":true,"generated_at":"2026-09-26T18:30:36.820Z","equity":9825.12,"pnl":-174.88,"positions":2,"backtests":15,"markets":["BTC/USD","ETH/USD","SOL/USD","XRP/USD","TAO/USD"],"errors":{}}
{"ok":true,"generated_at":"2026-09-26T18:31:40.440Z","equity":9828.26,"pnl":-171.74,"positions":2,"backtests":15,"markets":["BTC/USD","ETH/USD","SOL/USD","XRP/USD","TAO/USD"],"errors":{}}
{"ok":true,"generated_at":"2026-09-26T18:32:43.734Z","equity":9827.48,"pnl":-172.52,"positions":2,"backtests":15,"markets":["BTC/USD","ETH/USD","SOL/USD","XRP/USD","TAO/USD"],"errors":{}}
{"ok":true,"generated_at":"2026-09-26T18:33:47.161Z","equity":9820.87,"pnl":-179.13,"positions":2,"backtests":15,"markets":["BTC/USD","ETH/USD","SOL/USD","XRP/USD","TAO/USD"],"errors":{}}
{"ok":true,"generated_at":"2026-09-26T18:34:50.605Z","equity":9813.69,"pnl":-186.31,"positions":2,"backtests":15,"markets":["BTC/USD","ETH/USD","SOL/USD","XRP/USD","TAO/USD"],"errors":{}}
{"ok":true,"generated_at":"2026-09-26T18:35:54.370Z","equity":9810.97,"pnl":-189.03,"positions":2,"backtests":15,"markets":["BTC/USD","ETH/USD","SOL/USD","XRP/USD","TAO/USD"],"errors":{}}
{"ok":true,"generated_at":"2026-09-26T18:36:57.855Z","equity":9811.23,"pnl":-188.77,"positions":2,"backtests":15,"markets":["BTC/USD","ETH/USD","SOL/USD","XRP/USD","TAO/USD"],"errors":{}}
{"ok":true,"generated_at":"2026-09-26T18:38:01.434Z","equity":9807.19,"pnl":-192.81,"positions":2,"backtests":15,"markets":["BTC/USD","ETH/USD","SOL/USD","XRP/USD","TAO/USD"],"errors":{}}
{"ok":true,"generated_at":"2026-09-26T18:39:05.429Z","equity":9799.43,"pnl":-200.57,"positions":2,"backtests":15,"markets":["BTC/USD","ETH/USD","SOL/USD","XRP/USD","TAO/USD"],"errors":{}}
{"ok":true,"generated_at":"2026-09-26T18:40:09.609Z","equity":9789.74,"pnl":-210.26,"positions":2,"backtests":15,"markets":["BTC/USD","ETH/USD","SOL/USD","XRP/USD","TAO/USD"],"errors":{}}
{"ok":true,"generated_at":"2026-09-26T18:41:13.753Z","equity":9786.24,"pnl":-213.76,"positions":2,"backtests":15,"markets":["BTC/USD","ETH/USD","SOL/USD","XRP/USD","TAO/USD"],"errors":{}}
{"ok":true,"generated_at":"2026-09-26T18:42:19.249Z","equity":9788.59,"pnl":-211.41,"positions":2,"backtests":15,"markets":["BTC/USD","ETH/USD","SOL/USD","XRP/USD","TAO/USD"],"errors":{}}
{"ok":true,"generated_at":"2026-09-26T18:43:23.024Z","equity":9780.43,"pnl":-219.57,"positions":2,"backtests":15,"markets":["BTC/USD","ETH/USD","SOL/USD","XRP/USD","TAO/USD"],"errors":{}}
{"ok":true,"generated_at":"2026-09-26T18:44:26.251Z","equity":9780.14,"pnl":-219.86,"positions":2,"backtests":15,"markets":["BTC/USD","ETH/USD","SOL/USD","XRP/USD","TAO/USD"],"errors":{}}
{"ok":true,"generated_at":"2026-09-26T18:45:30.020Z","equity":9778.83,"pnl":-221.17,"positions":2,"backtests":15,"markets":["BTC/USD","ETH/USD","SOL/USD","XRP/USD","TAO/USD"],"errors":{}}
{"ok":true,"generated_at":"2026-09-26T18:46:34.665Z","equity":9768.8,"pnl":-231.2,"positions":2,"backtests":15,"markets":["BTC/USD","ETH/USD","SOL/USD","XRP/USD","TAO/USD"],"errors":{}}
{"ok":true,"generated_at":"2026-09-26T18:47:38.503Z","equity":9771.91,"pnl":-228.09,"positions":2,"backtests":15,"markets":["BTC/USD","ETH/USD","SOL/USD","XRP/USD","TAO/USD"],"errors":{}}
{"ok":true,"generated_at":"2026-09-26T18:48:41.899Z","equity":9766.23,"pnl":-233.77,"positions":2,"backtests":15,"markets":["BTC/USD","ETH/USD","SOL/USD","XRP/USD","TAO/USD"],"errors":{}}
{"ok":true,"generated_at":"2026-09-26T18:49:46.085Z","equity":9769.89,"pnl":-230.11,"positions":2,"backtests":15,"markets":["BTC/USD","ETH/USD","SOL/USD","XRP/USD","TAO/USD"],"errors":{}}
{"ok":true,"generated_at":"2026-09-26T18:50:52.811Z","equity":9757.83,"pnl":-242.17,"positions":2,"backtests":15,"markets":["BTC/USD","ETH/USD","SOL/USD","XRP/USD","TAO/USD"],"errors":{}}
{"ok":true,"generated_at":"2026-09-26T18:51:56.488Z","equity":9757.08,"pnl":-242.92,"positions":2,"backtests":15,"markets":["BTC/USD","ETH/USD","SOL/USD","XRP/USD","TAO/USD"],"errors":{}}
{"ok":true,"generated_at":"2026-09-26T18:53:00.301Z","equity":9763.41,"pnl":-236.59,"positions":2,"backtests":15,"markets":["BTC/USD","ETH/USD","SOL/USD","XRP/USD","TAO/USD"],"errors":{}}
{"ok":true,"generated_at":"2026-09-26T18:54:03.567Z","equity":9767.58,"pnl":-232.42,"positions":2,"backtests":15,"markets":["BTC/USD","ETH/USD","SOL/USD","XRP/USD","TAO/USD"],"errors":{}}
{"ok":true,"generated_at":"2026-09-26T18:55:07.018Z","equity":9767.01,"pnl":-232.99,"positions":2,"backtests":15,"markets":["BTC/USD","ETH/USD","SOL/USD","XRP/USD","TAO/USD"],"errors":{}}
{"ok":true,"generated_at":"2026-09-26T18:56:10.497Z","equity":9765.5,"pnl":-234.5,"positions":2,"backtests":15,"markets":["BTC/USD","ETH/USD","SOL/USD","XRP/USD","TAO/USD"],"errors":{}}
{"ok":true,"generated_at":"2026-09-26T18:57:13.981Z","equity":9759.28,"pnl":-240.72,"positions":2,"backtests":15,"markets":["BTC/USD","ETH/USD","SOL/USD","XRP/USD","TAO/USD"],"errors":{}}
{"ok":true,"generated_at":"2026-09-26T18:58:17.532Z","equity":9756.07,"pnl":-243.93,"positions":2,"backtests":15,"markets":["BTC/USD","ETH/USD","SOL/USD","XRP/USD","TAO/USD"],"errors":{}}
{"ok":true,"generated_at":"2026-09-26T18:59:21.079Z","equity":9755.89,"pnl":-244.11,"positions":2,"backtests":15,"markets":["BTC/USD","ETH/USD","SOL/USD","XRP/USD","TAO/USD"],"errors":{}}
{"ok":true,"generated_at":"2026-09-26T19:00:24.352Z","equity":9837.03,"pnl":-162.97,"positions":1,"backtests":15,"markets":["BTC/USD","ETH/USD","SOL/USD","XRP/USD","TAO/USD"],"errors":{}}
{"ok":true,"generated_at":"2026-09-26T19:01:27.673Z","equity":9823.34,"pnl":-176.66,"positions":2,"backtests":15,"markets":["BTC/USD","ETH/USD","SOL/USD","XRP/USD","TAO/USD"],"errors":{}}
{"ok":true,"generated_at":"2026-09-26T19:02:31.025Z","equity":9822.2,"pnl":-177.8,"positions":2,"backtests":15,"markets":["BTC/USD","ETH/USD","SOL/USD","XRP/USD","TAO/USD"],"errors":{}}
{"ok":true,"generated_at":"2026-09-26T19:03:34.712Z","equity":9821.47,"pnl":-178.53,"positions":2,"backtests":15,"markets":["BTC/USD","ETH/USD","SOL/USD","XRP/USD","TAO/USD"],"errors":{}}
{"ok":true,"generated_at":"2026-09-26T19:04:38.253Z","equity":9820.7,"pnl":-179.3,"positions":2,"backtests":15,"markets":["BTC/USD","ETH/USD","SOL/USD","XRP/USD","TAO/USD"],"errors":{}}
{"ok":true,"generated_at":"2026-09-26T19:05:42.090Z","equity":9819.16,"pnl":-180.84,"positions":2,"backtests":15,"markets":["BTC/USD","ETH/USD","SOL/USD","XRP/USD","TAO/USD"],"errors":{}}
{"ok":true,"generated_at":"2026-09-26T19:06:45.808Z","equity":9819.86,"pnl":-180.14,"positions":2,"backtests":15,"markets":["BTC/USD","ETH/USD","SOL/USD","XRP/USD","TAO/USD"],"errors":{}}
{"ok":true,"generated_at":"2026-09-26T19:07:49.605Z","equity":9821.45,"pnl":-178.55,"positions":2,"backtests":15,"markets":["BTC/USD","ETH/USD","SOL/USD","XRP/USD","TAO/USD"],"errors":{}}
{"ok":true,"generated_at":"2026-09-26T19:08:53.093Z","equity":9822.02,"pnl":-177.98,"positions":2,"backtests":15,"markets":["BTC/USD","ETH/USD","SOL/USD","XRP/USD","TAO/USD"],"errors":{}}
{"ok":true,"generated_at":"2026-09-26T19:09:56.702Z","equity":9821.41,"pnl":-178.59,"positions":2,"backtests":15,"markets":["BTC/USD","ETH/USD","SOL/USD","XRP/USD","TAO/USD"],"errors":{}}
{"ok":true,"generated_at":"2026-09-26T19:11:00.687Z","equity":9821.27,"pnl":-178.73,"positions":2,"backtests":15,"markets":["BTC/USD","ETH/USD","SOL/USD","XRP/USD","TAO/USD"],"errors":{}}
{"ok":true,"generated_at":"2026-09-26T19:12:05.024Z","equity":9822.84,"pnl":-177.16,"positions":2,"backtests":15,"markets":["BTC/USD","ETH/USD","SOL/USD","XRP/USD","TAO/USD"],"errors":{}}
{"ok":true,"generated_at":"2026-09-26T19:13:08.312Z","equity":9822,"pnl":-178,"positions":2,"backtests":15,"markets":["BTC/USD","ETH/USD","SOL/USD","XRP/USD","TAO/USD"],"errors":{}}
{"ok":true,"generated_at":"2026-09-26T19:14:12.912Z","equity":9820.79,"pnl":-179.21,"positions":2,"backtests":15,"markets":["BTC/USD","ETH/USD","SOL/USD","XRP/USD","TAO/USD"],"errors":{}}
{"ok":true,"generated_at":"2026-09-26T19:15:16.292Z","equity":9821.86,"pnl":-178.14,"positions":2,"backtests":15,"markets":["BTC/USD","ETH/USD","SOL/USD","XRP/USD","TAO/USD"],"errors":{}}
{"ok":true,"generated_at":"2026-09-26T19:16:19.846Z","equity":9820.93,"pnl":-179.07,"positions":2,"backtests":15,"markets":["BTC/USD","ETH/USD","SOL/USD","XRP/USD","TAO/USD"],"errors":{}}
{"ok":true,"generated_at":"2026-09-26T19:17:25.305Z","equity":9820.18,"pnl":-179.82,"positions":2,"backtests":15,"markets":["BTC/USD","ETH/USD","SOL/USD","XRP/USD","TAO/USD"],"errors":{}}
{"ok":true,"generated_at":"2026-09-26T19:18:28.518Z","equity":9821.86,"pnl":-178.14,"positions":2,"backtests":15,"markets":["BTC/USD","ETH/USD","SOL/USD","XRP/USD","TAO/USD"],"errors":{}}
{"ok":true,"generated_at":"2026-09-26T19:19:32.136Z","equity":9821.63,"pnl":-178.37,"positions":2,"backtests":15,"markets":["BTC/USD","ETH/USD","SOL/USD","XRP/USD","TAO/USD"],"errors":{}}
{"ok":true,"generated_at":"2026-09-26T19:20:35.393Z","equity":9821.75,"pnl":-178.25,"positions":2,"backtests":15,"markets":["BTC/USD","ETH/USD","SOL/USD","XRP/USD","TAO/USD"],"errors":{}}
{"ok":true,"generated_at":"2026-09-26T19:21:38.760Z","equity":9821.58,"pnl":-178.42,"positions":2,"backtests":15,"markets":["BTC/USD","ETH/USD","SOL/USD","XRP/USD","TAO/USD"],"errors":{}}
{"ok":true,"generated_at":"2026-09-26T19:22:42.771Z","equity":9821.74,"pnl":-178.26,"positions":2,"backtests":15,"markets":["BTC/USD","ETH/USD","SOL/USD","XRP/USD","TAO/USD"],"errors":{}}
{"ok":true,"generated_at":"2026-09-26T19:23:45.980Z","equity":9822.86,"pnl":-177.14,"positions":2,"backtests":15,"markets":["BTC/USD","ETH/USD","SOL/USD","XRP/USD","TAO/USD"],"errors":{}}
{"ok":true,"generated_at":"2026-09-26T19:24:49.360Z","equity":9821.92,"pnl":-178.08,"positions":2,"backtests":15,"markets":["BTC/USD","ETH/USD","SOL/USD","XRP/USD","TAO/USD"],"errors":{}}
{"ok":true,"generated_at":"2026-09-26T19:25:52.733Z","equity":9822.54,"pnl":-177.46,"positions":2,"backtests":15,"markets":["BTC/USD","ETH/USD","SOL/USD","XRP/USD","TAO/USD"],"errors":{}}
{"ok":true,"generated_at":"2026-09-26T19:26:56.248Z","equity":9822.47,"pnl":-177.53,"positions":2,"backtests":15,"markets":["BTC/USD","ETH/USD","SOL/USD","XRP/USD","TAO/USD"],"errors":{}}
{"ok":true,"generated_at":"2026-09-26T19:27:59.534Z","equity":9822.35,"pnl":-177.65,"positions":2,"backtests":15,"markets":["BTC/USD","ETH/USD","SOL/USD","XRP/USD","TAO/USD"],"errors":{}}
{"ok":true,"generated_at":"2026-09-26T19:29:03.493Z","equity":9823.99,"pnl":-176.01,"positions":2,"backtests":15,"markets":["BTC/USD","ETH/USD","SOL/USD","XRP/USD","TAO/USD"],"errors":{}}
{"ok":true,"generated_at":"2026-09-26T19:30:07.469Z","equity":9822.58,"pnl":-177.42,"positions":2,"backtests":15,"markets":["BTC/USD","ETH/USD","SOL/USD","XRP/USD","TAO/USD"],"errors":{}}
{"ok":true,"generated_at":"2026-09-26T19:31:10.744Z","equity":9823.49,"pnl":-176.51,"positions":2,"backtests":15,"markets":["BTC/USD","ETH/USD","SOL/USD","XRP/USD","TAO/USD"],"errors":{}}
{"ok":true,"generated_at":"2026-09-26T19:32:14.274Z","equity":9822.64,"pnl":-177.36,"positions":2,"backtests":15,"markets":["BTC/USD","ETH/USD","SOL/USD","XRP/USD","TAO/USD"],"errors":{}}
{"ok":true,"generated_at":"2026-09-26T19:33:17.698Z","equity":9823.47,"pnl":-176.53,"positions":2,"backtests":15,"markets":["BTC/USD","ETH/USD","SOL/USD","XRP/USD","TAO/USD"],"errors":{}}
{"ok":true,"generated_at":"2026-09-26T19:34:21.084Z","equity":9826.42,"pnl":-173.58,"positions":2,"backtests":15,"markets":["BTC/USD","ETH/USD","SOL/USD","XRP/USD","TAO/USD"],"errors":{}}
{"ok":true,"generated_at":"2026-09-26T19:35:24.360Z","equity":9824.07,"pnl":-175.93,"positions":2,"backtests":15,"markets":["BTC/USD","ETH/USD","SOL/USD","XRP/USD","TAO/USD"],"errors":{}}
{"ok":true,"generated_at":"2026-09-26T19:36:28.493Z","equity":9825.07,"pnl":-174.93,"positions":2,"backtests":15,"markets":["BTC/USD","ETH/USD","SOL/USD","XRP/USD","TAO/USD"],"errors":{}}
{"ok":true,"generated_at":"2026-09-26T19:37:31.678Z","equity":9826.12,"pnl":-173.88,"positions":2,"backtests":15,"markets":["BTC/USD","ETH/USD","SOL/USD","XRP/USD","TAO/USD"],"errors":{}}
{"ok":true,"generated_at":"2026-09-26T19:38:35.174Z","equity":9828.25,"pnl":-171.75,"positions":2,"backtests":15,"markets":["BTC/USD","ETH/USD","SOL/USD","XRP/USD","TAO/USD"],"errors":{}}
{"ok":true,"generated_at":"2026-09-26T19:39:38.726Z","equity":9825.86,"pnl":-174.14,"positions":2,"backtests":15,"markets":["BTC/USD","ETH/USD","SOL/USD","XRP/USD","TAO/USD"],"errors":{}}
{"ok":true,"generated_at":"2026-09-26T19:40:42.252Z","equity":9825.34,"pnl":-174.66,"positions":2,"backtests":15,"markets":["BTC/USD","ETH/USD","SOL/USD","XRP/USD","TAO/USD"],"errors":{}}
{"ok":true,"generated_at":"2026-09-26T19:41:45.875Z","equity":9825.1,"pnl":-174.9,"positions":2,"backtests":15,"markets":["BTC/USD","ETH/USD","SOL/USD","XRP/USD","TAO/USD"],"errors":{}}
{"ok":true,"generated_at":"2026-09-26T19:42:49.596Z","equity":9822.94,"pnl":-177.06,"positions":2,"backtests":15,"markets":["BTC/USD","ETH/USD","SOL/USD","XRP/USD","TAO/USD"],"errors":{}}
{"ok":true,"generated_at":"2026-09-26T19:43:52.855Z","equity":9823.92,"pnl":-176.08,"positions":2,"backtests":15,"markets":["BTC/USD","ETH/USD","SOL/USD","XRP/USD","TAO/USD"],"errors":{}}
{"ok":true,"generated_at":"2026-09-26T19:44:56.025Z","equity":9822.6,"pnl":-177.4,"positions":2,"backtests":15,"markets":["BTC/USD","ETH/USD","SOL/USD","XRP/USD","TAO/USD"],"errors":{}}
{"ok":true,"generated_at":"2026-09-26T19:45:59.801Z","equity":9822.87,"pnl":-177.13,"positions":2,"backtests":15,"markets":["BTC/USD","ETH/USD","SOL/USD","XRP/USD","TAO/USD"],"errors":{}}
{"ok":true,"generated_at":"2026-09-26T19:47:03.403Z","equity":9822.8,"pnl":-177.2,"positions":2,"backtests":15,"markets":["BTC/USD","ETH/USD","SOL/USD","XRP/USD","TAO/USD"],"errors":{}}
{"ok":true,"generated_at":"2026-09-26T19:48:06.836Z","equity":9822.68,"pnl":-177.32,"positions":2,"backtests":15,"markets":["BTC/USD","ETH/USD","SOL/USD","XRP/USD","TAO/USD"],"errors":{}}
{"ok":true,"generated_at":"2026-09-26T19:49:10.330Z","equity":9822.53,"pnl":-177.47,"positions":2,"backtests":15,"markets":["BTC/USD","ETH/USD","SOL/USD","XRP/USD","TAO/USD"],"errors":{}}
{"ok":true,"generated_at":"2026-09-26T19:50:14.206Z","equity":9822.34,"pnl":-177.66,"positions":2,"backtests":15,"markets":["BTC/USD","ETH/USD","SOL/USD","XRP/USD","TAO/USD"],"errors":{}}
{"ok":true,"generated_at":"2026-09-26T19:51:17.427Z","equity":9821.07,"pnl":-178.93,"positions":2,"backtests":15,"markets":["BTC/USD","ETH/USD","SOL/USD","XRP/USD","TAO/USD"],"errors":{}}
{"ok":true,"generated_at":"2026-09-26T19:52:20.769Z","equity":9820.08,"pnl":-179.92,"positions":2,"backtests":15,"markets":["BTC/USD","ETH/USD","SOL/USD","XRP/USD","TAO/USD"],"errors":{}}
{"ok":true,"generated_at":"2026-09-26T19:53:24.310Z","equity":9819.8,"pnl":-180.2,"positions":2,"backtests":15,"markets":["BTC/USD","ETH/USD","SOL/USD","XRP/USD","TAO/USD"],"errors":{}}
{"ok":true,"generated_at":"2026-09-26T19:54:27.621Z","equity":9821.37,"pnl":-178.63,"positions":2,"backtests":15,"markets":["BTC/USD","ETH/USD","SOL/USD","XRP/USD","TAO/USD"],"errors":{}}
{"ok":true,"generated_at":"2026-09-26T19:55:32.534Z","equity":9821.25,"pnl":-178.75,"positions":2,"backtests":15,"markets":["BTC/USD","ETH/USD","SOL/USD","XRP/USD","TAO/USD"],"errors":{}}
{"ok":true,"generated_at":"2026-09-26T19:56:36.023Z","equity":9822.46,"pnl":-177.54,"positions":2,"backtests":15,"markets":["BTC/USD","ETH/USD","SOL/USD","XRP/USD","TAO/USD"],"errors":{}}
{"ok":true,"generated_at":"2026-09-26T19:57:39.270Z","equity":9823.05,"pnl":-176.95,"positions":2,"backtests":15,"markets":["BTC/USD","ETH/USD","SOL/USD","XRP/USD","TAO/USD"],"errors":{}}
{"ok":true,"generated_at":"2026-09-26T19:58:42.620Z","equity":9822.39,"pnl":-177.61,"positions":2,"backtests":15,"markets":["BTC/USD","ETH/USD","SOL/USD","XRP/USD","TAO/USD"],"errors":{}}
{"ok":true,"generated_at":"2026-09-26T19:59:45.915Z","equity":9823.56,"pnl":-176.44,"positions":2,"backtests":15,"markets":["BTC/USD","ETH/USD","SOL/USD","XRP/USD","TAO/USD"],"errors":{}}
{"ok":true,"generated_at":"2026-09-26T20:00:49.177Z","equity":9825.04,"pnl":-174.96,"positions":2,"backtests":15,"markets":["BTC/USD","ETH/USD","SOL/USD","XRP/USD","TAO/USD"],"errors":{}}
{"ok":true,"generated_at":"2026-09-26T20:01:52.476Z","equity":9825.72,"pnl":-174.28,"positions":2,"backtests":15,"markets":["BTC/USD","ETH/USD","SOL/USD","XRP/USD","TAO/USD"],"errors":{}}
{"ok":true,"generated_at":"2026-09-26T20:02:56.218Z","equity":9824.19,"pnl":-175.81,"positions":2,"backtests":15,"markets":["BTC/USD","ETH/USD","SOL/USD","XRP/USD","TAO/USD"],"errors":{}}
{"ok":true,"generated_at":"2026-09-26T20:04:00.225Z","equity":9823.92,"pnl":-176.08,"positions":2,"backtests":15,"markets":["BTC/USD","ETH/USD","SOL/USD","XRP/USD","TAO/USD"],"errors":{}}
{"ok":true,"generated_at":"2026-09-26T20:05:03.924Z","equity":9823.73,"pnl":-176.27,"positions":2,"backtests":15,"markets":["BTC/USD","ETH/USD","SOL/USD","XRP/USD","TAO/USD"],"errors":{}}
{"ok":true,"generated_at":"2026-09-26T20:06:07.884Z","equity":9819.57,"pnl":-180.43,"positions":2,"backtests":15,"markets":["BTC/USD","ETH/USD","SOL/USD","XRP/USD","TAO/USD"],"errors":{}}
{"ok":true,"generated_at":"2026-09-26T20:07:11.115Z","equity":9825.99,"pnl":-174.01,"positions":2,"backtests":15,"markets":["BTC/USD","ETH/USD","SOL/USD","XRP/USD","TAO/USD"],"errors":{}}
{"ok":true,"generated_at":"2026-09-26T20:08:14.482Z","equity":9825.51,"pnl":-174.49,"positions":2,"backtests":15,"markets":["BTC/USD","ETH/USD","SOL/USD","XRP/USD","TAO/USD"],"errors":{}}
{"ok":true,"generated_at"{"ok":true,"generated_at":"2026-09-26T20:09:19.112Z","equity":9827.75,"pnl":-172.25,"positions":2,"backtests":15,"markets":["BTC/USD","ETH/USD","SOL/USD","XRP/USD"{"ok":true,"generated_at"{"ok":true,"generated_at":"2026-09-26T20:10:22.502Z","equity":9830.24,"pnl":-169.76,"positions":2,"backtests":15,"markets":["BTC/USD","ETH/USD","SOL/USD","XRP/USD"{"ok":true,"generated_at"{"ok":true,"generated_at":"2026-09-26T20:11:29.774Z","equity":9828.9,"pnl":-171.1,"positions":2,"backtests":15,"markets":["BTC/USD","ETH/USD","SOL/USD","XRP/USD","{"ok":true,"generated_a{"ok":true,"generated_at":"2026-09-26T20:12:33.104Z","equity":9828.76,"pnl":-171.24,"positions":2,"backtests":15,"markets":["BTC/USD","ETH/USD","SOL/USD","XRP/USD","{"ok":true,"generated_a{"ok":true,"generated_at":"2026-09-26T20:13:36.318Z","equity":9828.19,"pnl":-171.81,"positions":2,"backtests":15,"markets":["BTC/USD","ETH/USD","SOL/USD","XRP/USD","{"ok":true,"generated_a{"ok":true,"generated_at":"2026-09-26T20:14:39.460Z","equity":9828.6,"pnl":-171.4,"positions":2,"backtests":15,"markets":["BTC/USD","ETH/USD","SOL/USD","XRP/USD","TA{"ok":true,"generated{"ok":true,"generated_at":"2026-09-26T20:15:42.819Z","equity":9827.7,"pnl":-172.3,"positions":2,"backtests":15,"markets":["BTC/USD","ETH/USD","SOL/USD","XRP/USD","TA{"ok":true,"generated{"ok":true,"generated_at":"2026-09-26T20:16:47.266Z","equity":9827.68,"pnl":-172.32,"positions":2,"backtests":15,"markets":["BTC/USD","ETH/USD","SOL/USD","XRP/USD","TA{"ok":true,"generated{"ok":true,"generated_at":"2026-09-26T20:17:50.529Z","equity":9827.43,"pnl":-172.57,"positions":2,"backtests":15,"markets":["BTC/USD","ETH/USD","SOL/USD","XRP/USD","TA{"ok":true,"generated{"ok":true,"generated_at":"2026-09-26T20:18:53.807Z","equity":9826.19,"pnl":-173.81,"positions":2,"backtests":15,"markets":["BTC/USD","ETH/USD","SOL/USD","XRP/USD","TA{"ok":true,"generated{"ok":true,"generated_at":"2026-09-26T20:19:56.992Z","equity":9826.8,"pnl":-173.2,"positions":2,"backtests":15,"markets":["BTC/USD","ETH/USD","SOL/USD","XRP/USD","TA{"ok":true,"generated_at":"2026-09-26T20:20:56.563Z","equity":9826.56,"pnl":-173.44,"positions":2,"backtests":15,"markets":["BTC/USD","ETH/USD","SOL/USD","XRP/USD","TAO/USD"],"errors":{}}
{"ok":true,"generated_at":"2026-09-26T20:22:00.029Z","equity":9826.6,"pnl":-173.4,"positions":2,"backtests":15,"markets":["BTC/USD","ETH/USD","SOL/USD","XRP/USD","TAO/USD"],"errors":{}}
{"ok":true,"generated_at":"2026-09-26T20:23:04.151Z","equity":9826.52,"pnl":-173.48,"positions":2,"backtests":15,"markets":["BTC/USD","ETH/USD","SOL/USD","XRP/USD","TAO/USD"],"errors":{}}
{"ok":true,"generated_at":"2026-09-26T20:24:07.671Z","equity":9828.44,"pnl":-171.56,"positions":2,"backtests":15,"markets":["BTC/USD","ETH/USD","SOL/USD","XRP/USD","TAO/USD"],"errors":{}}
{"ok":true,"generated_at":"2026-09-26T20:25:11.483Z","equity":9829.52,"pnl":-170.48,"positions":2,"backtests":15,"markets":["BTC/USD","ETH/USD","SOL/USD","XRP/USD","TAO/USD"],"errors":{}}
{"ok":true,"generated_at":"2026-09-26T20:26:14.841Z","equity":9831.03,"pnl":-168.97,"positions":2,"backtests":15,"markets":["BTC/USD","ETH/USD","SOL/USD","XRP/USD","TAO/USD"],"errors":{}}
{"ok":true,"generated_at":"2026-09-26T20:27:19.379Z","equity":9830.91,"pnl":-169.09,"positions":2,"backtests":15,"markets":["BTC/USD","ETH/USD","SOL/USD","XRP/USD","TAO/USD"],"errors":{}}
{"ok":true,"generated_at":"2026-09-26T20:28:22.765Z","equity":9833.49,"pnl":-166.51,"positions":2,"backtests":15,"markets":["BTC/USD","ETH/USD","SOL/USD","XRP/USD","TAO/USD"],"errors":{}}
{"ok":true,"generated_at":"2026-09-26T20:29:26.693Z","equity":9832.41,"pnl":-167.59,"positions":2,"backtests":15,"markets":["BTC/USD","ETH/USD","SOL/USD","XRP/USD","TAO/USD"],"errors":{}}
{"ok":true,"generated_at":"2026-09-26T20:30:29.847Z","equity":9834.87,"pnl":-165.13,"positions":2,"backtests":15,"markets":["BTC/USD","ETH/USD","SOL/USD","XRP/USD","TAO/USD"],"errors":{}}
{"ok":true,"generated_at":"2026-09-26T20:31:33.074Z","equity":9834.21,"pnl":-165.79,"positions":2,"backtests":15,"markets":["BTC/USD","ETH/USD","SOL/USD","XRP/USD","TAO/USD"],"errors":{}}
{"ok":true,"generated_at":"2026-09-26T20:32:37.161Z","equity":9834.72,"pnl":-165.28,"positions":2,"backtests":15,"markets":["BTC/USD","ETH/USD","SOL/USD","XRP/USD","TAO/USD"],"errors":{}}
{"ok":true,"generated_at":"2026-09-26T20:33:40.651Z","equity":9834.35,"pnl":-165.65,"positions":2,"backtests":15,"markets":["BTC/USD","ETH/USD","SOL/USD","XRP/USD","TAO/USD"],"errors":{}}
{"ok":true,"generated_at":"2026-09-26T20:34:43.888Z","equity":9834.34,"pnl":-165.66,"positions":2,"backtests":15,"markets":["BTC/USD","ETH/USD","SOL/USD","XRP/USD","TAO/USD"],"errors":{}}
{"ok":true,"generated_at":"2026-09-26T20:35:47.190Z","equity":9835.07,"pnl":-164.93,"positions":2,"backtests":15,"markets":["BTC/USD","ETH/USD","SOL/USD","XRP/USD","TAO/USD"],"errors":{}}
{"ok":true,"generated_at":"2026-09-26T20:36:50.569Z","equity":9833.77,"pnl":-166.23,"positions":2,"backtests":15,"markets":["BTC/USD","ETH/USD","SOL/USD","XRP/USD","TAO/USD"],"errors":{}}
{"ok":true,"generated_at":"2026-09-26T20:37:55.413Z","equity":9833.89,"pnl":-166.11,"positions":2,"backtests":15,"markets":["BTC/USD","ETH/USD","SOL/USD","XRP/USD","TAO/USD"],"errors":{}}
{"ok":true,"generated_at":"2026-09-26T20:38:59.205Z","equity":9834.64,"pnl":-165.36,"positions":2,"backtests":15,"markets":["BTC/USD","ETH/USD","SOL/USD","XRP/USD","TAO/USD"],"errors":{}}
{"ok":true,"generated_at":"2026-09-26T20:40:02.451Z","equity":9835.78,"pnl":-164.22,"positions":2,"backtests":15,"markets":["BTC/USD","ETH/USD","SOL/USD","XRP/USD","TAO/USD"],"errors":{}}
{"ok":true,"generated_at":"2026-09-26T20:41:05.650Z","equity":9832.47,"pnl":-167.53,"positions":2,"backtests":15,"markets":["BTC/USD","ETH/USD","SOL/USD","XRP/USD","TAO/USD"],"errors":{}}
{"ok":true,"generated_at":"2026-09-26T20:42:09.072Z","equity":9834.87,"pnl":-165.13,"positions":2,"backtests":15,"markets":["BTC/USD","ETH/USD","SOL/USD","XRP/USD","TAO/USD"],"errors":{}}
{"ok":true,"generated_at":"2026-09-26T20:43:12.661Z","equity":9839.44,"pnl":-160.56,"positions":2,"backtests":15,"markets":["BTC/USD","ETH/USD","SOL/USD","XRP/USD","TAO/USD"],"errors":{}}
{"ok":true,"generated_at":"2026-09-26T20:44:16.093Z","equity":9837.36,"pnl":-162.64,"positions":2,"backtests":15,"markets":["BTC/USD","ETH/USD","SOL/USD","XRP/USD","TAO/USD"],"errors":{}}
{"ok":true,"generated_at":"2026-09-26T20:45:19.558Z","equity":9839.42,"pnl":-160.58,"positions":2,"backtests":15,"markets":["BTC/USD","ETH/USD","SOL/USD","XRP/USD","TAO/USD"],"errors":{}}
{"ok":true,"generated_at":"2026-09-26T20:46:23.099Z","equity":9839.39,"pnl":-160.61,"positions":2,"backtests":15,"markets":["BTC/USD","ETH/USD","SOL/USD","XRP/USD","TAO/USD"],"errors":{}}
{"ok":true,"generated_at":"2026-09-26T20:47:26.728Z","equity":9838.7,"pnl":-161.3,"positions":2,"backtests":15,"markets":["BTC/USD","ETH/USD","SOL/USD","XRP/USD","TAO/USD"],"errors":{}}
{"ok":true,"generated_at":"2026-09-26T20:48:47.236Z","equity":9836.46,"pnl":-163.54,"positions":2,"backtests":12,"markets":["BTC/USD","ETH/USD","XRP/USD","TAO/USD"],"errors":{"SOL/USD":"This operation was aborted"}}
{"ok":true,"generated_at":"2026-09-26T20:49:50.665Z","equity":9838.43,"pnl":-161.57,"positions":2,"backtests":15,"markets":["BTC/USD","ETH/USD","SOL/USD","XRP/USD","TAO/USD"],"errors":{}}
{"ok":true,"generated_at":"2026-09-26T20:50:54.388Z","equity":9839.2,"pnl":-160.8,"positions":2,"backtests":15,"markets":["BTC/USD","ETH/USD","SOL/USD","XRP/USD","TAO/USD"],"errors":{}}
{"ok":true,"generated_at":"2026-09-26T20:51:57.656Z","equity":9834.28,"pnl":-165.72,"positions":2,"backtests":15,"markets":["BTC/USD","ETH/USD","SOL/USD","XRP/USD","TAO/USD"],"errors":{}}
{"ok":true,"generated_at":"2026-09-26T20:53:01.092Z","equity":9831.69,"pnl":-168.31,"positions":2,"backtests":15,"markets":["BTC/USD","ETH/USD","SOL/USD","XRP/USD","TAO/USD"],"errors":{}}
{"ok":true,"generated_at":"2026-09-26T20:54:04.422Z","equity":9830.42,"pnl":-169.58,"positions":2,"backtests":15,"markets":["BTC/USD","ETH/USD","SOL/USD","XRP/USD","TAO/USD"],"errors":{}}
{"ok":true,"generated_at":"2026-09-26T20:55:07.925Z","equity":9831.01,"pnl":-168.99,"positions":2,"backtests":15,"markets":["BTC/USD","ETH/USD","SOL/USD","XRP/USD","TAO/USD"],"errors":{}}
{"ok":true,"generated_at":"2026-09-26T20:56:12.355Z","equity":9830.98,"pnl":-169.02,"positions":2,"backtests":15,"markets":["BTC/USD","ETH/USD","SOL/USD","XRP/USD","TAO/USD"],"errors":{}}
{"ok":true,"generated_at":"2026-09-26T20:57:15.911Z","equity":9827.93,"pnl":-172.07,"positions":2,"backtests":15,"markets":["BTC/USD","ETH/USD","SOL/USD","XRP/USD","TAO/USD"],"errors":{}}
{"ok":true,"generated_at":"2026-09-26T20:58:19.263Z","equity":9826.69,"pnl":-173.31,"positions":2,"backtests":15,"markets":["BTC/USD","ETH/USD","SOL/USD","XRP/USD","TAO/USD"],"errors":{}}
{"ok":true,"generated_at":"2026-09-26T20:59:22.673Z","equity":9828.32,"pnl":-171.68,"positions":2,"backtests":15,"markets":["BTC/USD","ETH/USD","SOL/USD","XRP/USD","TAO/USD"],"errors":{}}
{"ok":true,"generated_at":"2026-09-26T21:00:26.225Z","equity":9827.02,"pnl":-172.98,"positions":2,"backtests":15,"markets":["BTC/USD","ETH/USD","SOL/USD","XRP/USD","TAO/USD"],"errors":{}}
{"ok":true,"generated_at":"2026-09-26T21:01:29.750Z","equity":9814.79,"pnl":-185.21,"positions":1,"backtests":15,"markets":["BTC/USD","ETH/USD","SOL/USD","XRP/USD","TAO/USD"],"errors":{}}
{"ok":true,"generated_at":"2026-09-26T21:02:33.192Z","equity":9810.63,"pnl":-189.37,"positions":1,"backtests":15,"markets":["BTC/USD","ETH/USD","SOL/USD","XRP/USD","TAO/USD"],"errors":{}}
{"ok":true,"generated_at":"2026-09-26T21:03:36.583Z","equity":9810.93,"pnl":-189.07,"positions":1,"backtests":15,"markets":["BTC/USD","ETH/USD","SOL/USD","XRP/USD","TAO/USD"],"errors":{}}
{"ok":true,"generated_at":"2026-09-26T21:04:40.346Z","equity":9804.6,"pnl":-195.4,"positions":1,"backtests":15,"markets":["BTC/USD","ETH/USD","SOL/USD","XRP/USD","TAO/USD"],"errors":{}}
{"ok":true,"generated_at":"2026-09-26T21:05:43.924Z","equity":9804.37,"pnl":-195.63,"positions":1,"backtests":15,"markets":["BTC/USD","ETH/USD","SOL/USD","XRP/USD","TAO/USD"],"errors":{}}
{"ok":true,"generated_at":"2026-09-26T21:06:48.437Z","equity":9802.17,"pnl":-197.83,"positions":1,"backtests":15,"markets":["BTC/USD","ETH/USD","SOL/USD","XRP/USD","TAO/USD"],"errors":{}}
{"ok":true,"generated_at":"2026-09-26T21:07:52.261Z","equity":9805.07,"pnl":-194.93,"positions":1,"backtests":15,"markets":["BTC/USD","ETH/USD","SOL/USD","XRP/USD","TAO/USD"],"errors":{}}
{"ok":true,"generated_at":"2026-09-26T21:08:55.822Z","equity":9806.39,"pnl":-193.61,"positions":1,"backtests":15,"markets":["BTC/USD","ETH/USD","SOL/USD","XRP/USD","TAO/USD"],"errors":{}}
{"ok":true,"generated_at":"2026-09-26T21:10:00.456Z","equity":9807.14,"pnl":-192.86,"positions":1,"backtests":15,"markets":["BTC/USD","ETH/USD","SOL/USD","XRP/USD","TAO/USD"],"errors":{}}
{"ok":true,"generated_at":"2026-09-26T21:11:03.926Z","equity":9806.78,"pnl":-193.22,"positions":1,"backtests":15,"markets":["BTC/USD","ETH/USD","SOL/USD","XRP/USD","TAO/USD"],"errors":{}}
{"ok":true,"generated_at":"2026-09-26T21:12:07.476Z","equity":9806.32,"pnl":-193.68,"positions":1,"backtests":15,"markets":["BTC/USD","ETH/USD","SOL/USD","XRP/USD","TAO/USD"],"errors":{}}
{"ok":true,"generated_at":"2026-09-26T21:13:10.957Z","equity":9802.06,"pnl":-197.94,"positions":1,"backtests":15,"markets":["BTC/USD","ETH/USD","SOL/USD","XRP/USD","TAO/USD"],"errors":{}}
{"ok":true,"generated_at":"2026-09-26T21:14:16.148Z","equity":9802.26,"pnl":-197.74,"positions":1,"backtests":15,"markets":["BTC/USD","ETH/USD","SOL/USD","XRP/USD","TAO/USD"],"errors":{}}
{"ok":true,"generated_at":"2026-09-26T21:15:19.796Z","equity":9801.78,"pnl":-198.22,"positions":1,"backtests":15,"markets":["BTC/USD","ETH/USD","SOL/USD","XRP/USD","TAO/USD"],"errors":{}}
{"ok":true,"generated_at":"2026-09-26T21:16:23.391Z","equity":9801.92,"pnl":-198.08,"positions":1,"backtests":15,"markets":["BTC/USD","ETH/USD","SOL/USD","XRP/USD","TAO/USD"],"errors":{}}
{"ok":true,"generated_at":"2026-09-26T21:17:29.826Z","equity":9799.88,"pnl":-200.12,"positions":1,"backtests":15,"markets":["BTC/USD","ETH/USD","SOL/USD","XRP/USD","TAO/USD"],"errors":{}}
{"ok":true,"generated_at":"2026-09-26T21:18:33.353Z","equity":9798.29,"pnl":-201.71,"positions":1,"backtests":15,"markets":["BTC/USD","ETH/USD","SOL/USD","XRP/USD","TAO/USD"],"errors":{}}
{"ok":true,"generated_at":"2026-09-26T21:19:37.095Z","equity":9795.77,"pnl":-204.23,"positions":1,"backtests":15,"markets":["BTC/USD","ETH/USD","SOL/USD","XRP/USD","TAO/USD"],"errors":{}}
{"ok":true,"generated_at":"2026-09-26T21:20:40.751Z","equity":9796.95,"pnl":-203.05,"positions":1,"backtests":15,"markets":["BTC/USD","ETH/USD","SOL/USD","XRP/USD","TAO/USD"],"errors":{}}
{"ok":true,"generated_at":"2026-09-26T21:21:44.439Z","equity":9799.17,"pnl":-200.83,"positions":1,"backtests":15,"markets":["BTC/USD","ETH/USD","SOL/USD","XRP/USD","TAO/USD"],"errors":{}}
{"ok":true,"generated_at":"2026-09-26T21:22:47.977Z","equity":9796.61,"pnl":-203.39,"positions":1,"backtests":15,"markets":["BTC/USD","ETH/USD","SOL/USD","XRP/USD","TAO/USD"],"errors":{}}
{"ok":true,"generated_at":"2026-09-26T21:23:51.279Z","equity":9796.81,"pnl":-203.19,"positions":1,"backtests":15,"markets":["BTC/USD","ETH/USD","SOL/USD","XRP/USD","TAO/USD"],"errors":{}}
{"ok":true,"generated_at":"2026-09-26T21:24:54.483Z","equity":9794.75,"pnl":-205.25,"positions":1,"backtests":15,"markets":["BTC/USD","ETH/USD","SOL/USD","XRP/USD","TAO/USD"],"errors":{}}
{"ok":true,"generated_at":"2026-09-26T21:25:58.479Z","equity":9794.64,"pnl":-205.36,"positions":1,"backtests":15,"markets":["BTC/USD","ETH/USD","SOL/USD","XRP/USD","TAO/USD"],"errors":{}}
{"ok":true,"generated_at":"2026-09-26T21:27:02.378Z","equity":9793.34,"pnl":-206.66,"positions":1,"backtests":15,"markets":["BTC/USD","ETH/USD","SOL/USD","XRP/USD","TAO/USD"],"errors":{}}
{"ok":true,"generated_at":"2026-09-26T21:28:05.884Z","equity":9791.03,"pnl":-208.97,"positions":1,"backtests":15,"markets":["BTC/USD","ETH/USD","SOL/USD","XRP/USD","TAO/USD"],"errors":{}}
{"ok":true,"generated_at":"2026-09-26T21:29:09.870Z","equity":9787.99,"pnl":-212.01,"positions":1,"backtests":15,"markets":["BTC/USD","ETH/USD","SOL/USD","XRP/USD","TAO/USD"],"errors":{}}
{"ok":true,"generated_at":"2026-09-26T21:30:13.716Z","equity":9783.83,"pnl":-216.17,"positions":1,"backtests":15,"markets":["BTC/USD","ETH/USD","SOL/USD","XRP/USD","TAO/USD"],"errors":{}}
{"ok":true,"generated_at":"2026-09-26T21:31:17.438Z","equity":9787.4,"pnl":-212.6,"positions":1,"backtests":15,"markets":["BTC/USD","ETH/USD","SOL/USD","XRP/USD","TAO/USD"],"errors":{}}
{"ok":true,"generated_at":"2026-09-26T21:32:22.568Z","equity":9784.02,"pnl":-215.98,"positions":1,"backtests":15,"markets":["BTC/USD","ETH/USD","SOL/USD","XRP/USD","TAO/USD"],"errors":{}}
{"ok":true,"generated_at":"2026-09-26T21:33:28.406Z","equity":9784.22,"pnl":-215.78,"positions":1,"backtests":15,"markets":["BTC/USD","ETH/USD","SOL/USD","XRP/USD","TAO/USD"],"errors":{}}
{"ok":true,"generated_at":"2026-09-26T21:34:32.223Z","equity":9782.4,"pnl":-217.6,"positions":1,"backtests":15,"markets":["BTC/USD","ETH/USD","SOL/USD","XRP/USD","TAO/USD"],"errors":{}}
{"ok":true,"generated_at":"2026-09-26T21:35:35.679Z","equity":9781.2,"pnl":-218.8,"positions":1,"backtests":15,"markets":["BTC/USD","ETH/USD","SOL/USD","XRP/USD","TAO/USD"],"errors":{}}
{"ok":true,"generated_at":"2026-09-26T21:36:39.292Z","equity":9782.56,"pnl":-217.44,"positions":1,"backtests":15,"markets":["BTC/USD","ETH/USD","SOL/USD","XRP/USD","TAO/USD"],"errors":{}}
{"ok":true,"generated_at":"2026-09-26T21:37:42.670Z","equity":9782.25,"pnl":-217.75,"positions":1,"backtests":15,"markets":["BTC/USD","ETH/USD","SOL/USD","XRP/USD","TAO/USD"],"errors":{}}
{"ok":true,"generated_at":"2026-09-26T21:38:46.658Z","equity":9782.54,"pnl":-217.46,"positions":1,"backtests":15,"markets":["BTC/USD","ETH/USD","SOL/USD","XRP/USD","TAO/USD"],"errors":{}}
{"ok":true,"generated_at":"2026-09-26T21:39:49.990Z","equity":9783.27,"pnl":-216.73,"positions":1,"backtests":15,"markets":["BTC/USD","ETH/USD","SOL/USD","XRP/USD","TAO/USD"],"errors":{}}
{"ok":true,"generated_at":"2026-09-26T21:40:53.403Z","equity":9786.35,"pnl":-213.65,"positions":1,"backtests":15,"markets":["BTC/USD","ETH/USD","SOL/USD","XRP/USD","TAO/USD"],"errors":{}}
{"ok":true,"generated_at":"2026-09-26T21:41:56.628Z","equity":9788.1,"pnl":-211.9,"positions":1,"backtests":15,"markets":["BTC/USD","ETH/USD","SOL/USD","XRP/USD","TAO/USD"],"errors":{}}
{"ok":true,"generated_at":"2026-09-26T21:42:59.826Z","equity":9786.72,"pnl":-213.28,"positions":1,"backtests":15,"markets":["BTC/USD","ETH/USD","SOL/USD","XRP/USD","TAO/USD"],"errors":{}}
{"ok":true,"generated_at":"2026-09-26T21:44:03.138Z","equity":9786.58,"pnl":-213.42,"positions":1,"backtests":15,"markets":["BTC/USD","ETH/USD","SOL/USD","XRP/USD","TAO/USD"],"errors":{}}
{"ok":true,"generated_at":"2026-09-26T21:45:06.766Z","equity":9787.26,"pnl":-212.74,"positions":1,"backtests":15,"markets":["BTC/USD","ETH/USD","SOL/USD","XRP/USD","TAO/USD"],"errors":{}}
{"ok":true,"generated_at":"2026-09-26T21:46:10.337Z","equity":9786.65,"pnl":-213.35,"positions":1,"backtests":15,"markets":["BTC/USD","ETH/USD","SOL/USD","XRP/USD","TAO/USD"],"errors":{}}
{"ok":true,"generated_at":"2026-09-26T21:47:13.989Z","equity":9788.87,"pnl":-211.13,"positions":1,"backtests":15,"markets":["BTC/USD","ETH/USD","SOL/USD","XRP/USD","TAO/USD"],"errors":{}}
{"ok":true,"generated_at":"2026-09-26T21:48:17.793Z","equity":9788.89,"pnl":-211.11,"positions":1,"backtests":15,"markets":["BTC/USD","ETH/USD","SOL/USD","XRP/USD","TAO/USD"],"errors":{}}
{"ok":true,"generated_at":"2026-09-26T21:49:21.192Z","equity":9789.85,"pnl":-210.15,"positions":1,"backtests":15,"markets":["BTC/USD","ETH/USD","SOL/USD","XRP/USD","TAO/USD"],"errors":{}}
{"ok":true,"generated_at":"2026-09-26T21:50:24.361Z","equity":9792.71,"pnl":-207.29,"positions":1,"backtests":15,"markets":["BTC/USD","ETH/USD","SOL/USD","XRP/USD","TAO/USD"],"errors":{}}
{"ok":true,"generated_at":"2026-09-26T21:51:27.669Z","equity":9793.41,"pnl":-206.59,"positions":1,"backtests":15,"markets":["BTC/USD","ETH/USD","SOL/USD","XRP/USD","TAO/USD"],"errors":{}}
{"ok":true,"generated_at":"2026-09-26T21:52:31.362Z","equity":9791.21,"pnl":-208.79,"positions":1,"backtests":15,"markets":["BTC/USD","ETH/USD","SOL/USD","XRP/USD","TAO/USD"],"errors":{}}
{"ok":true,"generated_at":"2026-09-26T21:53:34.732Z","equity":9791.35,"pnl":-208.65,"positions":1,"backtests":15,"markets":["BTC/USD","ETH/USD","SOL/USD","XRP/USD","TAO/USD"],"errors":{}}
{"ok":true,"generated_at":"2026-09-26T21:54:38.064Z","equity":9788.28,"pnl":-211.72,"positions":1,"backtests":15,"markets":["BTC/USD","ETH/USD","SOL/USD","XRP/USD","TAO/USD"],"errors":{}}
{"ok":true,"generated_at":"2026-09-26T21:55:41.375Z","equity":9789.89,"pnl":-210.11,"positions":1,"backtests":15,"markets":["BTC/USD","ETH/USD","SOL/USD","XRP/USD","TAO/USD"],"errors":{}}
{"ok":true,"generated_at":"2026-09-26T21:56:44.964Z","equity":9788.44,"pnl":-211.56,"positions":1,"backtests":15,"markets":["BTC/USD","ETH/USD","SOL/USD","XRP/USD","TAO/USD"],"errors":{}}
{"ok":true,"generated_at":"2026-09-26T21:57:49.400Z","equity":9787.56,"pnl":-212.44,"positions":1,"backtests":15,"markets":["BTC/USD","ETH/USD","SOL/USD","XRP/USD","TAO/USD"],"errors":{}}
{"ok":true,"generated_at":"2026-09-26T21:58:52.977Z","equity":9785.58,"pnl":-214.42,"positions":1,"backtests":15,"markets":["BTC/USD","ETH/USD","SOL/USD","XRP/USD","TAO/USD"],"errors":{}}
{"ok":true,"generated_at":"2026-09-26T21:59:56.529Z","equity":9786.47,"pnl":-213.53,"positions":1,"backtests":15,"markets":["BTC/USD","ETH/USD","SOL/USD","XRP/USD","TAO/USD"],"errors":{}}
{"ok":true,"generated_at":"2026-09-26T22:01:00.190Z","equity":9774.87,"pnl":-225.13,"positions":2,"backtests":15,"markets":["BTC/USD","ETH/USD","SOL/USD","XRP/USD","TAO/USD"],"errors":{}}
{"ok":true,"generated_at":"2026-09-26T22:02:04.886Z","equity":9777.68,"pnl":-222.32,"positions":2,"backtests":15,"markets":["BTC/USD","ETH/USD","SOL/USD","XRP/USD","TAO/USD"],"errors":{}}
{"ok":true,"generated_at":"2026-09-26T22:03:08.560Z","equity":9777.91,"pnl":-222.09,"positions":2,"backtests":15,"markets":["BTC/USD","ETH/USD","SOL/USD","XRP/USD","TAO/USD"],"errors":{}}
{"ok":true,"generated_at":"2026-09-26T22:04:11.873Z","equity":9777.01,"pnl":-222.99,"positions":2,"backtests":15,"markets":["BTC/USD","ETH/USD","SOL/USD","XRP/USD","TAO/USD"],"errors":{}}
{"ok":true,"generated_at":"2026-09-26T22:05:15.535Z","equity":9778.58,"pnl":-221.42,"positions":2,"backtests":15,"markets":["BTC/USD","ETH/USD","SOL/USD","XRP/USD","TAO/USD"],"errors":{}}
{"ok":true,"generated_at":"2026-09-26T22:06:18.958Z","equity":9780.3,"pnl":-219.7,"positions":2,"backtests":15,"markets":["BTC/USD","ETH/USD","SOL/USD","XRP/USD","TAO/USD"],"errors":{}}
{"ok":true,"generated_at":"2026-09-26T22:07:22.523Z","equity":9783.12,"pnl":-216.88,"positions":2,"backtests":15,"markets":["BTC/USD","ETH/USD","SOL/USD","XRP/USD","TAO/USD"],"errors":{}}
{"ok":true,"generated_at":"2026-09-26T22:08:26.040Z","equity":9781.86,"pnl":-218.14,"positions":2,"backtests":15,"markets":["BTC/USD","ETH/USD","SOL/USD","XRP/USD","TAO/USD"],"errors":{}}
{"ok":true,"generated_at":"2026-09-26T22:09:29.601Z","equity":9782.91,"pnl":-217.09,"positions":2,"backtests":15,"markets":["BTC/USD","ETH/USD","SOL/USD","XRP/USD","TAO/USD"],"errors":{}}
{"ok":true,"generated_at":"2026-09-26T22:10:32.952Z","equity":9781.92,"pnl":-218.08,"positions":2,"backtests":15,"markets":["BTC/USD","ETH/USD","SOL/USD","XRP/USD","TAO/USD"],"errors":{}}
{"ok":true,"generated_at":"2026-09-26T22:11:36.650Z","equity":9781.79,"pnl":-218.21,"positions":2,"backtests":15,"markets":["BTC/USD","ETH/USD","SOL/USD","XRP/USD","TAO/USD"],"errors":{}}
{"ok":true,"generated_at":"2026-09-26T22:12:40.151Z","equity":9782.81,"pnl":-217.19,"positions":2,"backtests":15,"markets":["BTC/USD","ETH/USD","SOL/USD","XRP/USD","TAO/USD"],"errors":{}}
{"ok":true,"generated_at":"2026-09-26T22:13:43.656Z","equity":9782.69,"pnl":-217.31,"positions":2,"backtests":15,"markets":["BTC/USD","ETH/USD","SOL/USD","XRP/USD","TAO/USD"],"errors":{}}
{"ok":true,"generated_at":"2026-09-26T22:14:46.931Z","equity":9782.52,"pnl":-217.48,"positions":2,"backtests":15,"markets":["BTC/USD","ETH/USD","SOL/USD","XRP/USD","TAO/USD"],"errors":{}}
{"ok":true,"generated_at":"2026-09-26T22:15:50.508Z","equity":9783.74,"pnl":-216.26,"positions":2,"backtests":15,"markets":["BTC/USD","ETH/USD","SOL/USD","XRP/USD","TAO/USD"],"errors":{}}
{"ok":true,"generated_at":"2026-09-26T22:16:53.988Z","equity":9783.55,"pnl":-216.45,"positions":2,"backtests":15,"markets":["BTC/USD","ETH/USD","SOL/USD","XRP/USD","TAO/USD"],"errors":{}}
{"ok":true,"generated_at":"2026-09-26T22:17:57.408Z","equity":9783.37,"pnl":-216.63,"positions":2,"backtests":15,"markets":["BTC/USD","ETH/USD","SOL/USD","XRP/USD","TAO/USD"],"errors":{}}
{"ok":true,"generated_at":"2026-09-26T22:19:00.895Z","equity":9785.21,"pnl":-214.79,"positions":2,"backtests":15,"markets":["BTC/USD","ETH/USD","SOL/USD","XRP/USD","TAO/USD"],"errors":{}}
{"ok":true,"generated_at":"2026-09-26T22:20:04.316Z","equity":9784.69,"pnl":-215.31,"positions":2,"backtests":15,"markets":["BTC/USD","ETH/USD","SOL/USD","XRP/USD","TAO/USD"],"errors":{}}
{"ok":true,"generated_at":"2026-09-26T22:21:07.743Z","equity":9784.12,"pnl":-215.88,"positions":2,"backtests":15,"markets":["BTC/USD","ETH/USD","SOL/USD","XRP/USD","TAO/USD"],"errors":{}}
{"ok":true,"generated_at":"2026-09-26T22:22:11.651Z","equity":9784.82,"pnl":-215.18,"positions":2,"backtests":15,"markets":["BTC/USD","ETH/USD","SOL/USD","XRP/USD","TAO/USD"],"errors":{}}
{"ok":true,"generated_at":"2026-09-26T22:23:15.731Z","equity":9785.21,"pnl":-214.79,"positions":2,"backtests":15,"markets":["BTC/USD","ETH/USD","SOL/USD","XRP/USD","TAO/USD"],"errors":{}}
{"ok":true,"generated_at":"2026-09-26T22:24:19.594Z","equity":9785.09,"pnl":-214.91,"positions":2,"backtests":15,"markets":["BTC/USD","ETH/USD","SOL/USD","XRP/USD","TAO/USD"],"errors":{}}
{"ok":true,"generated_at":"2026-09-26T22:25:22.895Z","equity":9785.89,"pnl":-214.11,"positions":2,"backtests":15,"markets":["BTC/USD","ETH/USD","SOL/USD","XRP/USD","TAO/USD"],"errors":{}}
{"ok":true,"generated_at":"2026-09-26T22:26:26.841Z","equity":9785.41,"pnl":-214.59,"positions":2,"backtests":15,"markets":["BTC/USD","ETH/USD","SOL/USD","XRP/USD","TAO/USD"],"errors":{}}
{"ok":true,"generated_at":"2026-09-26T22:27:30.151Z","equity":9785.1,"pnl":-214.9,"positions":2,"backtests":15,"markets":["BTC/USD","ETH/USD","SOL/USD","XRP/USD","TAO/USD"],"errors":{}}
{"ok":true,"generated_at":"2026-09-26T22:28:33.350Z","equity":9785.67,"pnl":-214.33,"positions":2,"backtests":15,"markets":["BTC/USD","ETH/USD","SOL/USD","XRP/USD","TAO/USD"],"errors":{}}
{"ok":true,"generated_at":"2026-09-26T22:29:36.920Z","equity":9784.48,"pnl":-215.52,"positions":2,"backtests":15,"markets":["BTC/USD","ETH/USD","SOL/USD","XRP/USD","TAO/USD"],"errors":{}}
{"ok":true,"generated_at":"2026-09-26T22:30:40.492Z","equity":9783.45,"pnl":-216.55,"positions":2,"backtests":15,"markets":["BTC/USD","ETH/USD","SOL/USD","XRP/USD","TAO/USD"],"errors":{}}
{"ok":true,"generated_at":"2026-09-26T22:31:44.555Z","equity":9784.33,"pnl":-215.67,"positions":2,"backtests":15,"markets":["BTC/USD","ETH/USD","SOL/USD","XRP/USD","TAO/USD"],"errors":{}}
{"ok":true,"generated_at":"2026-09-26T22:32:48.288Z","equity":9783.07,"pnl":-216.93,"positions":2,"backtests":15,"markets":["BTC/USD","ETH/USD","SOL/USD","XRP/USD","TAO/USD"],"errors":{}}
{"ok":true,"generated_at":"2026-09-26T22:33:51.860Z","equity":9783.84,"pnl":-216.16,"positions":2,"backtests":15,"markets":["BTC/USD","ETH/USD","SOL/USD","XRP/USD","TAO/USD"],"errors":{}}
{"ok":true,"generated_at":"2026-09-26T22:34:55.464Z","equity":9782.79,"pnl":-217.21,"positions":2,"backtests":15,"markets":["BTC/USD","ETH/USD","SOL/USD","XRP/USD","TAO/USD"],"errors":{}}
{"ok":true,"generated_at":"2026-09-26T22:35:59.087Z","equity":9783,"pnl":-217,"positions":2,"backtests":15,"markets":["BTC/USD","ETH/USD","SOL/USD","XRP/USD","TAO/USD"],"errors":{}}
{"ok":true,"generated_at":"2026-09-26T22:37:02.710Z","equity":9781.66,"pnl":-218.34,"positions":2,"backtests":15,"markets":["BTC/USD","ETH/USD","SOL/USD","XRP/USD","TAO/USD"],"errors":{}}
{"ok":true,"generated_at":"2026-09-26T22:38:05.975Z","equity":9782.49,"pnl":-217.51,"positions":2,"backtests":15,"markets":["BTC/USD","ETH/USD","SOL/USD","XRP/USD","TAO/USD"],"errors":{}}
{"ok":true,"generated_at":"2026-09-26T22:39:09.552Z","equity":9782.61,"pnl":-217.39,"positions":2,"backtests":15,"markets":["BTC/USD","ETH/USD","SOL/USD","XRP/USD","TAO/USD"],"errors":{}}
{"ok":true,"generated_at":"2026-09-26T22:40:13.063Z","equity":9781.71,"pnl":-218.29,"positions":2,"backtests":15,"markets":["BTC/USD","ETH/USD","SOL/USD","XRP/USD","TAO/USD"],"errors":{}}
{"ok":true,"generated_at":"2026-09-26T22:41:16.579Z","equity":9780.69,"pnl":-219.31,"positions":2,"backtests":15,"markets":["BTC/USD","ETH/USD","SOL/USD","XRP/USD","TAO/USD"],"errors":{}}
{"ok":true,"generated_at":"2026-09-26T22:42:20.065Z","equity":9779.6,"pnl":-220.4,"positions":2,"backtests":15,"markets":["BTC/USD","ETH/USD","SOL/USD","XRP/USD","TAO/USD"],"errors":{}}
{"ok":true,"generated_at":"2026-09-26T22:43:23.448Z","equity":9778.62,"pnl":-221.38,"positions":2,"backtests":15,"markets":["BTC/USD","ETH/USD","SOL/USD","XRP/USD","TAO/USD"],"errors":{}}
{"ok":true,"generated_at":"2026-09-26T22:44:27.262Z","equity":9777.18,"pnl":-222.82,"positions":2,"backtests":15,"markets":["BTC/USD","ETH/USD","SOL/USD","XRP/USD","TAO/USD"],"errors":{}}
{"ok":true,"generated_at":"2026-09-26T22:45:31.036Z","equity":9775.78,"pnl":-224.22,"positions":2,"backtests":15,"markets":["BTC/USD","ETH/USD","SOL/USD","XRP/USD","TAO/USD"],"errors":{}}
{"ok":true,"generated_at":"2026-09-26T22:46:34.808Z","equity":9774.8,"pnl":-225.2,"positions":2,"backtests":15,"markets":["BTC/USD","ETH/USD","SOL/USD","XRP/USD","TAO/USD"],"errors":{}}
{"ok":true,"generated_at":"2026-09-26T22:47:40.988Z","equity":9773.89,"pnl":-226.11,"positions":2,"backtests":15,"markets":["BTC/USD","ETH/USD","SOL/USD","XRP/USD","TAO/USD"],"errors":{}}
{"ok":true,"generated_at":"2026-09-26T22:48:44.536Z","equity":9775.01,"pnl":-224.99,"positions":2,"backtests":15,"markets":["BTC/USD","ETH/USD","SOL/USD","XRP/USD","TAO/USD"],"errors":{}}
{"ok":true,"generated_at":"2026-09-26T22:49:48.535Z","equity":9774.95,"pnl":-225.05,"positions":2,"backtests":15,"markets":["BTC/USD","ETH/USD","SOL/USD","XRP/USD","TAO/USD"],"errors":{}}
{"ok":true,"generated_at":"2026-09-26T22:50:52.169Z","equity":9774.63,"pnl":-225.37,"positions":2,"backtests":15,"markets":["BTC/USD","ETH/USD","SOL/USD","XRP/USD","TAO/USD"],"errors":{}}
{"ok":true,"generated_at":"2026-09-26T22:51:55.520Z","equity":9775.8,"pnl":-224.2,"positions":2,"backtests":15,"markets":["BTC/USD","ETH/USD","SOL/USD","XRP/USD","TAO/USD"],"errors":{}}
{"ok":true,"generated_at":"2026-09-26T22:52:58.809Z","equity":9776.72,"pnl":-223.28,"positions":2,"backtests":15,"markets":["BTC/USD","ETH/USD","SOL/USD","XRP/USD","TAO/USD"],"errors":{}}
{"ok":true,"generated_at":"2026-09-26T22:54:02.068Z","equity":9775.51,"pnl":-224.49,"positions":2,"backtests":15,"markets":["BTC/USD","ETH/USD","SOL/USD","XRP/USD","TAO/USD"],"errors":{}}
{"ok":true,"generated_at":"2026-09-26T22:55:05.732Z","equity":9775.17,"pnl":-224.83,"positions":2,"backtests":15,"markets":["BTC/USD","ETH/USD","SOL/USD","XRP/USD","TAO/USD"],"errors":{}}
{"ok":true,"generated_at":"2026-09-26T22:56:09.360Z","equity":9775.32,"pnl":-224.68,"positions":2,"backtests":15,"markets":["BTC/USD","ETH/USD","SOL/USD","XRP/USD","TAO/USD"],"errors":{}}
{"ok":true,"generated_at":"2026-09-26T22:57:12.988Z","equity":9774.45,"pnl":-225.55,"positions":2,"backtests":15,"markets":["BTC/USD","ETH/USD","SOL/USD","XRP/USD","TAO/USD"],"errors":{}}
{"ok":true,"generated_at":"2026-09-26T22:58:16.370Z","equity":9775.46,"pnl":-224.54,"positions":2,"backtests":15,"markets":["BTC/USD","ETH/USD","SOL/USD","XRP/USD","TAO/USD"],"errors":{}}
{"ok":true,"generated_at":"2026-09-26T22:59:19.746Z","equity":9775.97,"pnl":-224.03,"positions":2,"backtests":15,"markets":["BTC/USD","ETH/USD","SOL/USD","XRP/USD","TAO/USD"],"errors":{}}
{"ok":true,"generated_at":"2026-09-26T23:00:23.349Z","equity":9775.88,"pnl":-224.12,"positions":2,"backtests":15,"markets":["BTC/USD","ETH/USD","SOL/USD","XRP/USD","TAO/USD"],"errors":{}}
{"ok":true,"generated_at":"2026-09-26T23:01:26.735Z","equity":9776.85,"pnl":-223.15,"positions":2,"backtests":15,"markets":["BTC/USD","ETH/USD","SOL/USD","XRP/USD","TAO/USD"],"errors":{}}
{"ok":true,"generated_at":"2026-09-26T23:02:30.296Z","equity":9776.36,"pnl":-223.64,"positions":2,"backtests":15,"markets":["BTC/USD","ETH/USD","SOL/USD","XRP/USD","TAO/USD"],"errors":{}}
{"ok":true,"generated_at":"2026-09-26T23:03:33.667Z","equity":9777.43,"pnl":-222.57,"positions":2,"backtests":15,"markets":["BTC/USD","ETH/USD","SOL/USD","XRP/USD","TAO/USD"],"errors":{}}
{"ok":true,"generated_at":"2026-09-26T23:04:44.079Z","equity":9776.34,"pnl":-223.66,"positions":2,"backtests":15,"markets":["BTC/USD","ETH/USD","SOL/USD","XRP/USD","TAO/USD"],"errors":{}}
{"ok":true,"generated_at":"2026-09-26T23:05:47.990Z","equity":9775.14,"pnl":-224.86,"positions":2,"backtests":15,"markets":["BTC/USD","ETH/USD","SOL/USD","XRP/USD","TAO/USD"],"errors":{}}
{"ok":true,"generated_at":"2026-09-26T23:06:51.557Z","equity":9775.37,"pnl":-224.63,"positions":2,"backtests":15,"markets":["BTC/USD","ETH/USD","SOL/USD","XRP/USD","TAO/USD"],"errors":{}}
{"ok":true,"generated_at":"2026-09-26T23:07:54.984Z","equity":9774.63,"pnl":-225.37,"positions":2,"backtests":15,"markets":["BTC/USD","ETH/USD","SOL/USD","XRP/USD","TAO/USD"],"errors":{}}
{"ok":true,"generated_at":"2026-09-26T23:08:58.818Z","equity":9774.61,"pnl":-225.39,"positions":2,"backtests":15,"markets":["BTC/USD","ETH/USD","SOL/USD","XRP/USD","TAO/USD"],"errors":{}}
{"ok":true,"generated_at":"2026-09-26T23:10:02.557Z","equity":9773.95,"pnl":-226.05,"positions":2,"backtests":15,"markets":["BTC/USD","ETH/USD","SOL/USD","XRP/USD","TAO/USD"],"errors":{}}
{"ok":true,"generated_at":"2026-09-26T23:11:05.942Z","equity":9774.71,"pnl":-225.29,"positions":2,"backtests":15,"markets":["BTC/USD","ETH/USD","SOL/USD","XRP/USD","TAO/USD"],"errors":{}}
{"ok":true,"generated_at":"2026-09-26T23:12:09.553Z","equity":9775.16,"pnl":-224.84,"positions":2,"backtests":15,"markets":["BTC/USD","ETH/USD","SOL/USD","XRP/USD","TAO/USD"],"errors":{}}
{"ok":true,"generated_at":"2026-09-26T23:13:13.009Z","equity":9773.78,"pnl":-226.22,"positions":2,"backtests":15,"markets":["BTC/USD","ETH/USD","SOL/USD","XRP/USD","TAO/USD"],"errors":{}}
{"ok":true,"generated_at":"2026-09-26T23:14:16.793Z","equity":9774.96,"pnl":-225.04,"positions":2,"backtests":15,"markets":["BTC/USD","ETH/USD","SOL/USD","XRP/USD","TAO/USD"],"errors":{}}
{"ok":true,"generated_at":"2026-09-26T23:15:20.518Z","equity":9777.6,"pnl":-222.4,"positions":2,"backtests":15,"markets":["BTC/USD","ETH/USD","SOL/USD","XRP/USD","TAO/USD"],"errors":{}}
{"ok":true,"generated_at":"2026-09-26T23:16:24.371Z","equity":9776.54,"pnl":-223.46,"positions":2,"backtests":15,"markets":["BTC/USD","ETH/USD","SOL/USD","XRP/USD","TAO/USD"],"errors":{}}
{"ok":true,"generated_at":"2026-09-26T23:17:29.178Z","equity":9776.05,"pnl":-223.95,"positions":2,"backtests":15,"markets":["BTC/USD","ETH/USD","SOL/USD","XRP/USD","TAO/USD"],"errors":{}}
{"ok":true,"generated_at":"2026-09-26T23:18:32.837Z","equity":9775.26,"pnl":-224.74,"positions":2,"backtests":15,"markets":["BTC/USD","ETH/USD","SOL/USD","XRP/USD","TAO/USD"],"errors":{}}
{"ok":true,"generated_at":"2026-09-26T23:19:36.463Z","equity":9775.5,"pnl":-224.5,"positions":2,"backtests":15,"markets":["BTC/USD","ETH/USD","SOL/USD","XRP/USD","TAO/USD"],"errors":{}}
{"ok":true,"generated_at":"2026-09-26T23:21:39.877Z","equity":9776.78,"pnl":-223.22,"positions":2,"backtests":15,"markets":["BTC/USD","ETH/USD","SOL/USD","XRP/USD","TAO/USD"],"errors":{}}
{"ok":true,"generated_at":"2026-09-26T23:22:43.602Z","equity":9774.75,"pnl":-225.25,"positions":2,"backtests":15,"markets":["BTC/USD","ETH/USD","SOL/USD","XRP/USD","TAO/USD"],"errors":{}}
{"ok":true,"generated_at":"2026-09-26T23:23:47.583Z","equity":9776.06,"pnl":-223.94,"positions":2,"backtests":15,"markets":["BTC/USD","ETH/USD","SOL/USD","XRP/USD","TAO/USD"],"errors":{}}
{"ok":true,"generated_at":"2026-09-26T23:24:50.995Z","equity":9776.31,"pnl":-223.69,"positions":2,"backtests":15,"markets":["BTC/USD","ETH/USD","SOL/USD","XRP/USD","TAO/USD"],"errors":{}}
{"ok":true,"generated_at":"2026-09-26T23:25:54.557Z","equity":9774.59,"pnl":-225.41,"positions":2,"backtests":15,"markets":["BTC/USD","ETH/USD","SOL/USD","XRP/USD","TAO/USD"],"errors":{}}
{"ok":true,"generated_at":"2026-09-26T23:26:58.336Z","equity":9752.23,"pnl":-247.77,"positions":0,"backtests":15,"markets":["BTC/USD","ETH/USD","SOL/USD","XRP/USD","TAO/USD"],"errors":{}}
{"ok":true,"generated_at":"2026-09-26T23:28:02.334Z","equity":9752.23,"pnl":-247.77,"positions":0,"backtests":15,"markets":["BTC/USD","ETH/USD","SOL/USD","XRP/USD","TAO/USD"],"errors":{}}
{"ok":true,"generated_at":"2026-09-26T23:29:05.773Z","equity":9752.23,"pnl":-247.77,"positions":0,"backtests":15,"markets":["BTC/USD","ETH/USD","SOL/USD","XRP/USD","TAO/USD"],"errors":{}}
{"ok":true,"generated_at":"2026-09-26T23:30:09.110Z","equity":9752.23,"pnl":-247.77,"positions":0,"backtests":15,"markets":["BTC/USD","ETH/USD","SOL/USD","XRP/USD","TAO/USD"],"errors":{}}
{"ok":true,"generated_at":"2026-09-26T23:31:12.783Z","equity":9752.23,"pnl":-247.77,"positions":0,"backtests":15,"markets":["BTC/USD","ETH/USD","SOL/USD","XRP/USD","TAO/USD"],"errors":{}}
{"ok":true,"generated_at":"2026-09-26T23:32:16.598Z","equity":9752.23,"pnl":-247.77,"positions":0,"backtests":15,"markets":["BTC/USD","ETH/USD","SOL/USD","XRP/USD","TAO/USD"],"errors":{}}
{"ok":true,"generated_at":"2026-09-26T23:33:20.392Z","equity":9752.23,"pnl":-247.77,"positions":0,"backtests":15,"markets":["BTC/USD","ETH/USD","SOL/USD","XRP/USD","TAO/USD"],"errors":{}}
{"ok":true,"generated_at":"2026-09-26T23:34:23.853Z","equity":9752.23,"pnl":-247.77,"positions":0,"backtests":15,"markets":["BTC/USD","ETH/USD","SOL/USD","XRP/USD","TAO/USD"],"errors":{}}
{"ok":true,"generated_at":"2026-09-26T23:35:27.298Z","equity":9752.23,"pnl":-247.77,"positions":0,"backtests":15,"markets":["BTC/USD","ETH/USD","SOL/USD","XRP/USD","TAO/USD"],"errors":{}}
{"ok":true,"generated_at":"2026-09-26T23:36:31.378Z","equity":9752.23,"pnl":-247.77,"positions":0,"backtests":15,"markets":["BTC/USD","ETH/USD","SOL/USD","XRP/USD","TAO/USD"],"errors":{}}
{"ok":true,"generated_at":"2026-09-26T23:37:34.687Z","equity":9752.23,"pnl":-247.77,"positions":0,"backtests":15,"markets":["BTC/USD","ETH/USD","SOL/USD","XRP/USD","TAO/USD"],"errors":{}}
{"ok":true,"generated_at":"2026-09-26T23:38:38.282Z","equity":9752.23,"pnl":-247.77,"positions":0,"backtests":15,"markets":["BTC/USD","ETH/USD","SOL/USD","XRP/USD","TAO/USD"],"errors":{}}
{"ok":true,"generated_at":"2026-09-26T23:39:42.077Z","equity":9752.23,"pnl":-247.77,"positions":0,"backtests":15,"markets":["BTC/USD","ETH/USD","SOL/USD","XRP/USD","TAO/USD"],"errors":{}}
{"ok":true,"generated_at":"2026-09-26T23:40:49.989Z","equity":9752.23,"pnl":-247.77,"positions":0,"backtests":15,"markets":["BTC/USD","ETH/USD","SOL/USD","XRP/USD","TAO/USD"],"errors":{}}
{"ok":true,"generated_at":"2026-09-26T23:41:54.634Z","equity":9752.23,"pnl":-247.77,"positions":0,"backtests":15,"markets":["BTC/USD","ETH/USD","SOL/USD","XRP/USD","TAO/USD"],"errors":{}}
{"ok":true,"generated_at":"2026-09-26T23:42:57.934Z","equity":9752.23,"pnl":-247.77,"positions":0,"backtests":15,"markets":["BTC/USD","ETH/USD","SOL/USD","XRP/USD","TAO/USD"],"errors":{}}
{"ok":true,"generated_at":"2026-09-26T23:44:01.317Z","equity":9752.23,"pnl":-247.77,"positions":0,"backtests":15,"markets":["BTC/USD","ETH/USD","SOL/USD","XRP/USD","TAO/USD"],"errors":{}}
{"ok":true,"generated_at":"2026-09-26T23:45:05.650Z","equity":9752.23,"pnl":-247.77,"positions":0,"backtests":15,"markets":["BTC/USD","ETH/USD","SOL/USD","XRP/USD","TAO/USD"],"errors":{}}
{"ok":true,"generated_at":"2026-09-26T23:46:09.166Z","equity":9752.23,"pnl":-247.77,"positions":0,"backtests":15,"markets":["BTC/USD","ETH/USD","SOL/USD","XRP/USD","TAO/USD"],"errors":{}}
{"ok":true,"generated_at":"2026-09-26T23:47:12.684Z","equity":9752.23,"pnl":-247.77,"positions":0,"backtests":15,"markets":["BTC/USD","ETH/USD","SOL/USD","XRP/USD","TAO/USD"],"errors":{}}
{"ok":true,"generated_at":"2026-09-26T23:48:17.333Z","equity":9752.23,"pnl":-247.77,"positions":0,"backtests":15,"markets":["BTC/USD","ETH/USD","SOL/USD","XRP/USD","TAO/USD"],"errors":{}}
{"ok":true,"generated_at":"2026-09-26T23:49:20.722Z","equity":9752.23,"pnl":-247.77,"positions":0,"backtests":15,"markets":["BTC/USD","ETH/USD","SOL/USD","XRP/USD","TAO/USD"],"errors":{}}
{"ok":true,"generated_at":"2026-09-26T23:50:24.353Z","equity":9752.23,"pnl":-247.77,"positions":0,"backtests":15,"markets":["BTC/USD","ETH/USD","SOL/USD","XRP/USD","TAO/USD"],"errors":{}}
{"ok":true,"generated_at":"2026-09-26T23:51:37.771Z","equity":9752.23,"pnl":-247.77,"positions":0,"backtests":15,"markets":["BTC/USD","ETH/USD","SOL/USD","XRP/USD","TAO/USD"],"errors":{}}
{"ok":true,"generated_at":"2026-09-26T23:52:41.004Z","equity":9752.23,"pnl":-247.77,"positions":0,"backtests":15,"markets":["BTC/USD","ETH/USD","SOL/USD","XRP/USD","TAO/USD"],"errors":{}}
{"ok":true,"generated_at":"2026-09-26T23:53:44.398Z","equity":9752.23,"pnl":-247.77,"positions":0,"backtests":15,"markets":["BTC/USD","ETH/USD","SOL/USD","XRP/USD","TAO/USD"],"errors":{}}
{"ok":true,"generated_at":"2026-09-26T23:54:47.899Z","equity":9752.23,"pnl":-247.77,"positions":0,"backtests":15,"markets":["BTC/USD","ETH/USD","SOL/USD","XRP/USD","TAO/USD"],"errors":{}}
{"ok":true,"generated_at":"2026-09-26T23:55:51.253Z","equity":9752.23,"pnl":-247.77,"positions":0,"backtests":15,"markets":["BTC/USD","ETH/USD","SOL/USD","XRP/USD","TAO/USD"],"errors":{}}
{"ok":true,"generated_at":"2026-09-26T23:56:55.018Z","equity":9752.23,"pnl":-247.77,"positions":0,"backtests":15,"markets":["BTC/USD","ETH/USD","SOL/USD","XRP/USD","TAO/USD"],"errors":{}}
{"ok":true,"generated_at":"2026-09-26T23:57:58.202Z","equity":9752.23,"pnl":-247.77,"positions":0,"backtests":15,"markets":["BTC/USD","ETH/USD","SOL/USD","XRP/USD","TAO/USD"],"errors":{}}
{"ok":true,"generated_at":"2026-09-26T23:59:01.818Z","equity":9752.23,"pnl":-247.77,"positions":0,"backtests":15,"markets":["BTC/USD","ETH/USD","SOL/USD","XRP/USD","TAO/USD"],"errors":{}}
{"ok":true,"generated_at":"2026-09-27T00:00:05.817Z","equity":9752.23,"pnl":-247.77,"positions":0,"backtests":15,"markets":["BTC/USD","ETH/USD","SOL/USD","XRP/USD","TAO/USD"],"errors":{}}
{"ok":true,"generated_at":"2026-09-27T00:01:09.152Z","equity":9731.04,"pnl":-268.96,"positions":2,"backtests":15,"markets":["BTC/USD","ETH/USD","SOL/USD","XRP/USD","TAO/USD"],"errors":{}}
{"ok":true,"generated_at":"2026-09-27T00:02:12.590Z","equity":9730.3,"pnl":-269.7,"positions":2,"backtests":15,"markets":["BTC/USD","ETH/USD","SOL/USD","XRP/USD","TAO/USD"],"errors":{}}
{"ok":true,"generated_at":"2026-09-27T00:03:15.861Z","equity":9731.46,"pnl":-268.54,"positions":2,"backtests":15,"markets":["BTC/USD","ETH/USD","SOL/USD","XRP/USD","TAO/USD"],"errors":{}}
{"ok":true,"generated_at":"2026-09-27T00:04:19.447Z","equity":9730.98,"pnl":-269.02,"positions":2,"backtests":15,"markets":["BTC/USD","ETH/USD","SOL/USD","XRP/USD","TAO/USD"],"errors":{}}
{"ok":true,"generated_at":"2026-09-27T00:05:23.029Z","equity":9729.46,"pnl":-270.54,"positions":2,"backtests":15,"markets":["BTC/USD","ETH/USD","SOL/USD","XRP/USD","TAO/USD"],"errors":{}}
{"ok":true,"generated_at":"2026-09-27T00:06:26.707Z","equity":9729.65,"pnl":-270.35,"positions":2,"backtests":15,"markets":["BTC/USD","ETH/USD","SOL/USD","XRP/USD","TAO/USD"],"errors":{}}
{"ok":true,"generated_at":"2026-09-27T00:07:29.958Z","equity":9729.56,"pnl":-270.44,"positions":2,"backtests":15,"markets":["BTC/USD","ETH/USD","SOL/USD","XRP/USD","TAO/USD"],"errors":{}}
{"ok":true,"generated_at":"2026-09-27T00:08:33.701Z","equity":9729.38,"pnl":-270.62,"positions":2,"backtests":15,"markets":["BTC/USD","ETH/USD","SOL/USD","XRP/USD","TAO/USD"],"errors":{}}
{"ok":true,"generated_at":"2026-09-27T00:09:37.184Z","equity":9730.99,"pnl":-269.01,"positions":2,"backtests":15,"markets":["BTC/USD","ETH/USD","SOL/USD","XRP/USD","TAO/USD"],"errors":{}}
{"ok":true,"generated_at":"2026-09-27T00:10:42.000Z","equity":9730.38,"pnl":-269.62,"positions":2,"backtests":15,"markets":["BTC/USD","ETH/USD","SOL/USD","XRP/USD","TAO/USD"],"errors":{}}
{"ok":true,"generated_at":"2026-09-27T00:11:45.261Z","equity":9728.98,"pnl":-271.02,"positions":2,"backtests":15,"markets":["BTC/USD","ETH/USD","SOL/USD","XRP/USD","TAO/USD"],"errors":{}}
{"ok":true,"generated_at":"2026-09-27T00:12:48.825Z","equity":9730.02,"pnl":-269.98,"positions":2,"backtests":15,"markets":["BTC/USD","ETH/USD","SOL/USD","XRP/USD","TAO/USD"],"errors":{}}
{"ok":true,"generated_at":"2026-09-27T00:13:52.487Z","equity":9729.29,"pnl":-270.71,"positions":2,"backtests":15,"markets":["BTC/USD","ETH/USD","SOL/USD","XRP/USD","TAO/USD"],"errors":{}}
{"ok":true,"generated_at":"2026-09-27T00:14:56.121Z","equity":9730.92,"pnl":-269.08,"positions":2,"backtests":15,"markets":["BTC/USD","ETH/USD","SOL/USD","XRP/USD","TAO/USD"],"errors":{}}
{"ok":true,"generated_at":"2026-09-27T00:15:59.640Z","equity":9729.03,"pnl":-270.97,"positions":2,"backtests":15,"markets":["BTC/USD","ETH/USD","SOL/USD","XRP/USD","TAO/USD"],"errors":{}}
{"ok":true,"generated_at":"2026-09-27T00:17:03.715Z","equity":9729.2,"pnl":-270.8,"positions":2,"backtests":15,"markets":["BTC/USD","ETH/USD","SOL/USD","XRP/USD","TAO/USD"],"errors":{}}
{"ok":true,"generated_at":"2026-09-27T00:18:07.476Z","equity":9729.63,"pnl":-270.37,"positions":2,"backtests":15,"markets":["BTC/USD","ETH/USD","SOL/USD","XRP/USD","TAO/USD"],"errors":{}}
{"ok":true,"generated_at":"2026-09-27T00:19:11.344Z","equity":9727.2,"pnl":-272.8,"positions":2,"backtests":15,"markets":["BTC/USD","ETH/USD","SOL/USD","XRP/USD","TAO/USD"],"errors":{}}
{"ok":true,"generated_at":"2026-09-27T00:20:15.385Z","equity":9727.87,"pnl":-272.13,"positions":2,"backtests":15,"markets":["BTC/USD","ETH/USD","SOL/USD","XRP/USD","TAO/USD"],"errors":{}}
{"ok":true,"generated_at":"2026-09-27T00:21:19.045Z","equity":9728.71,"pnl":-271.29,"positions":2,"backtests":15,"markets":["BTC/USD","ETH/USD","SOL/USD","XRP/USD","TAO/USD"],"errors":{}}
{"ok":true,"generated_at":"2026-09-27T00:22:22.843Z","equity":9728.2,"pnl":-271.8,"positions":2,"backtests":15,"markets":["BTC/USD","ETH/USD","SOL/USD","XRP/USD","TAO/USD"],"errors":{}}
{"ok":true,"generated_at":"2026-09-27T00:23:26.757Z","equity":9729.3,"pnl":-270.7,"positions":2,"backtests":15,"markets":["BTC/USD","ETH/USD","SOL/USD","XRP/USD","TAO/USD"],"errors":{}}
{"ok":true,"generated_at":"2026-09-27T00:24:30.141Z","equity":9730.86,"pnl":-269.14,"positions":2,"backtests":15,"markets":["BTC/USD","ETH/USD","SOL/USD","XRP/USD","TAO/USD"],"errors":{}}
{"ok":true,"generated_at":"2026-09-27T00:25:34.151Z","equity":9731.56,"pnl":-268.44,"positions":2,"backtests":15,"markets":["BTC/USD","ETH/USD","SOL/USD","XRP/USD","TAO/USD"],"errors":{}}
{"ok":true,"generated_at":"2026-09-27T00:26:38.344Z","equity":9731.45,"pnl":-268.55,"positions":2,"backtests":15,"markets":["BTC/USD","ETH/USD","SOL/USD","XRP/USD","TAO/USD"],"errors":{}}
{"ok":true,"generated_at":"2026-09-27T00:27:42.093Z","equity":9732.08,"pnl":-267.92,"positions":2,"backtests":15,"markets":["BTC/USD","ETH/USD","SOL/USD","XRP/USD","TAO/USD"],"errors":{}}
{"ok":true,"generated_at":"2026-09-27T00:28:45.718Z","equity":9733.54,"pnl":-266.46,"positions":2,"backtests":15,"markets":["BTC/USD","ETH/USD","SOL/USD","XRP/USD","TAO/USD"],"errors":{}}
{"ok":true,"generated_at":"2026-09-27T00:29:50.942Z","equity":9734.08,"pnl":-265.92,"positions":2,"backtests":15,"markets":["BTC/USD","ETH/USD","SOL/USD","XRP/USD","TAO/USD"],"errors":{}}
{"ok":true,"generated_at":"2026-09-27T00:30:54.826Z","equity":9732.67,"pnl":-267.33,"positions":2,"backtests":15,"markets":["BTC/USD","ETH/USD","SOL/USD","XRP/USD","TAO/USD"],"errors":{}}
{"ok":true,"generated_at":"2026-09-27T00:31:58.621Z","equity":9733.07,"pnl":-266.93,"positions":2,"backtests":15,"markets":["BTC/USD","ETH/USD","SOL/USD","XRP/USD","TAO/USD"],"errors":{}}
{"ok":true,"generated_at":"2026-09-27T00:33:02.104Z","equity":9735.97,"pnl":-264.03,"positions":2,"backtests":15,"markets":["BTC/USD","ETH/USD","SOL/USD","XRP/USD","TAO/USD"],"errors":{}}
{"ok":true,"generated_at":"2026-09-27T00:34:05.468Z","equity":9735.1,"pnl":-264.9,"positions":2,"backtests":15,"markets":["BTC/USD","ETH/USD","SOL/USD","XRP/USD","TAO/USD"],"errors":{}}
{"ok":true,"generated_at":"2026-09-27T00:35:09.120Z","equity":9734.15,"pnl":-265.85,"positions":2,"backtests":15,"markets":["BTC/USD","ETH/USD","SOL/USD","XRP/USD","TAO/USD"],"errors":{}}
{"ok":true,"generated_at":"2026-09-27T00:36:12.740Z","equity":9734.02,"pnl":-265.98,"positions":2,"backtests":15,"markets":["BTC/USD","ETH/USD","SOL/USD","XRP/USD","TAO/USD"],"errors":{}}
{"ok":true,"generated_at":"2026-09-27T00:37:16.401Z","equity":9733.6,"pnl":-266.4,"positions":2,"backtests":15,"markets":["BTC/USD","ETH/USD","SOL/USD","XRP/USD","TAO/USD"],"errors":{}}
{"ok":true,"generated_at":"2026-09-27T00:38:20.400Z","equity":9733.81,"pnl":-266.19,"positions":2,"backtests":15,"markets":["BTC/USD","ETH/USD","SOL/USD","XRP/USD","TAO/USD"],"errors":{}}
{"ok":true,"generated_at":"2026-09-27T00:39:23.859Z","equity":9734.57,"pnl":-265.43,"positions":2,"backtests":15,"markets":["BTC/USD","ETH/USD","SOL/USD","XRP/USD","TAO/USD"],"errors":{}}
{"ok":true,"generated_at":"2026-09-27T00:40:27.731Z","equity":9735.87,"pnl":-264.13,"positions":2,"backtests":15,"markets":["BTC/USD","ETH/USD","SOL/USD","XRP/USD","TAO/USD"],"errors":{}}
{"ok":true,"generated_at":"2026-09-27T00:41:31.598Z","equity":9736.04,"pnl":-263.96,"positions":2,"backtests":15,"markets":["BTC/USD","ETH/USD","SOL/USD","XRP/USD","TAO/USD"],"errors":{}}
{"ok":true,"generated_at":"2026-09-27T00:42:35.162Z","equity":9736.2,"pnl":-263.8,"positions":2,"backtests":15,"markets":["BTC/USD","ETH/USD","SOL/USD","XRP/USD","TAO/USD"],"errors":{}}
{"ok":true,"generated_at":"2026-09-27T00:43:38.673Z","equity":9736.06,"pnl":-263.94,"positions":2,"backtests":15,"markets":["BTC/USD","ETH/USD","SOL/USD","XRP/USD","TAO/USD"],"errors":{}}
{"ok":true,"generated_at":"2026-09-27T00:44:42.226Z","equity":9736.33,"pnl":-263.67,"positions":2,"backtests":15,"markets":["BTC/USD","ETH/USD","SOL/USD","XRP/USD","TAO/USD"],"errors":{}}
{"ok":true,"generated_at":"2026-09-27T00:45:47.603Z","equity":9735.77,"pnl":-264.23,"positions":2,"backtests":15,"markets":["BTC/USD","ETH/USD","SOL/USD","XRP/USD","TAO/USD"],"errors":{}}
{"ok":true,"generated_at":"2026-09-27T00:46:51.325Z","equity":9735.05,"pnl":-264.95,"positions":2,"backtests":15,"markets":["BTC/USD","ETH/USD","SOL/USD","XRP/USD","TAO/USD"],"errors":{}}
{"ok":true,"generated_at":"2026-09-27T00:47:54.851Z","equity":9736.54,"pnl":-263.46,"positions":2,"backtests":15,"markets":["BTC/USD","ETH/USD","SOL/USD","XRP/USD","TAO/USD"],"errors":{}}
{"ok":true,"generated_at":"2026-09-27T00:48:58.255Z","equity":9736.55,"pnl":-263.45,"positions":2,"backtests":15,"markets":["BTC/USD","ETH/USD","SOL/USD","XRP/USD","TAO/USD"],"errors":{}}
{"ok":true,"generated_at":"2026-09-27T00:50:01.742Z","equity":9736.25,"pnl":-263.75,"positions":2,"backtests":15,"markets":["BTC/USD","ETH/USD","SOL/USD","XRP/USD","TAO/USD"],"errors":{}}
{"ok":true,"generated_at":"2026-09-27T00:51:05.739Z","equity":9736.95,"pnl":-263.05,"positions":2,"backtests":15,"markets":["BTC/USD","ETH/USD","SOL/USD","XRP/USD","TAO/USD"],"errors":{}}
{"ok":true,"generated_at":"2026-09-27T00:52:10.591Z","equity":9737.73,"pnl":-262.27,"positions":2,"backtests":15,"markets":["BTC/USD","ETH/USD","SOL/USD","XRP/USD","TAO/USD"],"errors":{}}
{"ok":true,"generated_at":"2026-09-27T00:53:14.198Z","equity":9738.88,"pnl":-261.12,"positions":2,"backtests":15,"markets":["BTC/USD","ETH/USD","SOL/USD","XRP/USD","TAO/USD"],"errors":{}}
{"ok":true,"generated_at":"2026-09-27T00:54:17.641Z","equity":9737.64,"pnl":-262.36,"positions":2,"backtests":15,"markets":["BTC/USD","ETH/USD","SOL/USD","XRP/USD","TAO/USD"],"errors":{}}
{"ok":true,"generated_at":"2026-09-27T00:55:23.047Z","equity":9738.23,"pnl":-261.77,"positions":2,"backtests":15,"markets":["BTC/USD","ETH/USD","SOL/USD","XRP/USD","TAO/USD"],"errors":{}}
{"ok":true,"generated_at":"2026-09-27T00:56:26.871Z","equity":9738.74,"pnl":-261.26,"positions":2,"backtests":15,"markets":["BTC/USD","ETH/USD","SOL/USD","XRP/USD","TAO/USD"],"errors":{}}
{"ok":true,"generated_at":"2026-09-27T00:57:31.241Z","equity":9737.21,"pnl":-262.79,"positions":2,"backtests":15,"markets":["BTC/USD","ETH/USD","SOL/USD","XRP/USD","TAO/USD"],"errors":{}}
{"ok":true,"generated_at":"2026-09-27T00:58:35.169Z","equity":9737.36,"pnl":-262.64,"positions":2,"backtests":15,"markets":["BTC/USD","ETH/USD","SOL/USD","XRP/USD","TAO/USD"],"errors":{}}
{"ok":true,"generated_at":"2026-09-27T00:59:38.750Z","equity":9737.62,"pnl":-262.38,"positions":2,"backtests":15,"markets":["BTC/USD","ETH/USD","SOL/USD","XRP/USD","TAO/USD"],"errors":{}}
{"ok":true,"generated_at":"2026-09-27T01:00:42.408Z","equity":9726.82,"pnl":-273.18,"positions":1,"backtests":15,"markets":["BTC/USD","ETH/USD","SOL/USD","XRP/USD","TAO/USD"],"errors":{}}
{"ok":true,"generated_at":"2026-09-27T01:01:46.232Z","equity":9731,"pnl":-269,"positions":1,"backtests":15,"markets":["BTC/USD","ETH/USD","SOL/USD","XRP/USD","TAO/USD"],"errors":{}}
{"ok":true,"generated_at":"2026-09-27T01:02:50.045Z","equity":9730.38,"pnl":-269.62,"positions":1,"backtests":15,"markets":["BTC/USD","ETH/USD","SOL/USD","XRP/USD","TAO/USD"],"errors":{}}
{"ok":true,"generated_at":"2026-09-27T01:03:53.941Z","equity":9730.71,"pnl":-269.29,"positions":1,"backtests":15,"markets":["BTC/USD","ETH/USD","SOL/USD","XRP/USD","TAO/USD"],"errors":{}}
{"ok":true,"generated_at":"2026-09-27T01:04:57.499Z","equity":9731.74,"pnl":-268.26,"positions":1,"backtests":15,"markets":["BTC/USD","ETH/USD","SOL/USD","XRP/USD","TAO/USD"],"errors":{}}
{"ok":true,"generated_at":"2026-09-27T01:06:01.205Z","equity":9734.23,"pnl":-265.77,"positions":1,"backtests":15,"markets":["BTC/USD","ETH/USD","SOL/USD","XRP/USD","TAO/USD"],"errors":{}}
{"ok":true,"generated_at":"2026-09-27T01:07:05.170Z","equity":9732.8,"pnl":-267.2,"positions":1,"backtests":15,"markets":["BTC/USD","ETH/USD","SOL/USD","XRP/USD","TAO/USD"],"errors":{}}
{"ok":true,"generated_at":"2026-09-27T01:08:09.784Z","equity":9729.3,"pnl":-270.7,"positions":1,"backtests":15,"markets":["BTC/USD","ETH/USD","SOL/USD","XRP/USD","TAO/USD"],"errors":{}}
{"ok":true,"generated_at":"2026-09-27T01:09:13.496Z","equity":9728.16,"pnl":-271.84,"positions":1,"backtests":15,"markets":["BTC/USD","ETH/USD","SOL/USD","XRP/USD","TAO/USD"],"errors":{}}
{"ok":true,"generated_at":"2026-09-27T01:10:17.121Z","equity":9726.3,"pnl":-273.7,"positions":1,"backtests":15,"markets":["BTC/USD","ETH/USD","SOL/USD","XRP/USD","TAO/USD"],"errors":{}}
{"ok":true,"generated_at":"2026-09-27T01:11:20.580Z","equity":9724.58,"pnl":-275.42,"positions":1,"backtests":15,"markets":["BTC/USD","ETH/USD","SOL/USD","XRP/USD","TAO/USD"],"errors":{}}
{"ok":true,"generated_at":"2026-09-27T01:12:24.623Z","equity":9721.69,"pnl":-278.31,"positions":1,"backtests":15,"markets":["BTC/USD","ETH/USD","SOL/USD","XRP/USD","TAO/USD"],"errors":{}}
{"ok":true,"generated_at":"2026-09-27T01:13:28.558Z","equity":9722.34,"pnl":-277.66,"positions":1,"backtests":15,"markets":["BTC/USD","ETH/USD","SOL/USD","XRP/USD","TAO/USD"],"errors":{}}
{"ok":true,"generated_at":"2026-09-27T01:14:32.277Z","equity":9722.81,"pnl":-277.19,"positions":1,"backtests":15,"markets":["BTC/USD","ETH/USD","SOL/USD","XRP/USD","TAO/USD"],"errors":{}}
{"ok":true,"generated_at":"2026-09-27T01:15:35.650Z","equity":9722.66,"pnl":-277.34,"positions":1,"backtests":15,"markets":["BTC/USD","ETH/USD","SOL/USD","XRP/USD","TAO/USD"],"errors":{}}
{"ok":true,"generated_at":"2026-09-27T01:16:39.228Z","equity":9721.13,"pnl":-278.87,"positions":1,"backtests":15,"markets":["BTC/USD","ETH/USD","SOL/USD","XRP/USD","TAO/USD"],"errors":{}}
{"ok":true,"generated_at":"2026-09-27T01:17:42.694Z","equity":9723.31,"pnl":-276.69,"positions":1,"backtests":15,"markets":["BTC/USD","ETH/USD","SOL/USD","XRP/USD","TAO/USD"],"errors":{}}
{"ok":true,"generated_at":"2026-09-27T01:18:45.995Z","equity":9724.45,"pnl":-275.55,"positions":1,"backtests":15,"markets":["BTC/USD","ETH/USD","SOL/USD","XRP/USD","TAO/USD"],"errors":{}}
{"ok":true,"generated_at":"2026-09-27T01:19:49.395Z","equity":9726.19,"pnl":-273.81,"positions":1,"backtests":15,"markets":["BTC/USD","ETH/USD","SOL/USD","XRP/USD","TAO/USD"],"errors":{}}
{"ok":true,"generated_at":"2026-09-27T01:20:52.728Z","equity":9727.58,"pnl":-272.42,"positions":1,"backtests":15,"markets":["BTC/USD","ETH/USD","SOL/USD","XRP/USD","TAO/USD"],"errors":{}}
{"ok":true,"generated_at":"2026-09-27T01:21:56.519Z","equity":9729.71,"pnl":-270.29,"positions":1,"backtests":15,"markets":["BTC/USD","ETH/USD","SOL/USD","XRP/USD","TAO/USD"],"errors":{}}
{"ok":true,"generated_at":"2026-09-27T01:23:00.106Z","equity":9729.08,"pnl":-270.92,"positions":1,"backtests":15,"markets":["BTC/USD","ETH/USD","SOL/USD","XRP/USD","TAO/USD"],"errors":{}}
{"ok":true,"generated_at":"2026-09-27T01:24:03.886Z","equity":9729.95,"pnl":-270.05,"positions":1,"backtests":15,"markets":["BTC/USD","ETH/USD","SOL/USD","XRP/USD","TAO/USD"],"errors":{}}
{"ok":true,"generated_at":"2026-09-27T01:25:10.098Z","equity":9731.32,"pnl":-268.68,"positions":1,"backtests":15,"markets":["BTC/USD","ETH/USD","SOL/USD","XRP/USD","TAO/USD"],"errors":{}}
{"ok":true,"generated_at":"2026-09-27T01:26:13.731Z","equity":9731.63,"pnl":-268.37,"positions":1,"backtests":15,"markets":["BTC/USD","ETH/USD","SOL/USD","XRP/USD","TAO/USD"],"errors":{}}
{"ok":true,"generated_at":"2026-09-27T01:27:17.041Z","equity":9727.45,"pnl":-272.55,"positions":1,"backtests":15,"markets":["BTC/USD","ETH/USD","SOL/USD","XRP/USD","TAO/USD"],"errors":{}}
{"ok":true,"generated_at":"2026-09-27T01:28:20.523Z","equity":9730.49,"pnl":-269.51,"positions":1,"backtests":15,"markets":["BTC/USD","ETH/USD","SOL/USD","XRP/USD","TAO/USD"],"errors":{}}
{"ok":true,"generated_at":"2026-09-27T01:29:24.025Z","equity":9728.45,"pnl":-271.55,"positions":1,"backtests":15,"markets":["BTC/USD","ETH/USD","SOL/USD","XRP/USD","TAO/USD"],"errors":{}}
{"ok":true,"generated_at":"2026-09-27T01:30:27.455Z","equity":9728.63,"pnl":-271.37,"positions":1,"backtests":15,"markets":["BTC/USD","ETH/USD","SOL/USD","XRP/USD","TAO/USD"],"errors":{}}
{"ok":true,"generated_at":"2026-09-27T01:31:30.754Z","equity":9726.84,"pnl":-273.16,"positions":1,"backtests":15,"markets":["BTC/USD","ETH/USD","SOL/USD","XRP/USD","TAO/USD"],"errors":{}}
{"ok":true,"generated_at":"2026-09-27T01:32:34.926Z","equity":9728.1,"pnl":-271.9,"positions":1,"backtests":15,"markets":["BTC/USD","ETH/USD","SOL/USD","XRP/USD","TAO/USD"],"errors":{}}
{"ok":true,"generated_at":"2026-09-27T01:33:38.511Z","equity":9728.43,"pnl":-271.57,"positions":1,"backtests":15,"markets":["BTC/USD","ETH/USD","SOL/USD","XRP/USD","TAO/USD"],"errors":{}}
{"ok":true,"generated_at":"2026-09-27T01:34:42.380Z","equity":9731.14,"pnl":-268.86,"positions":1,"backtests":15,"markets":["BTC/USD","ETH/USD","SOL/USD","XRP/USD","TAO/USD"],"errors":{}}
{"ok":true,"generated_at":"2026-09-27T01:35:45.817Z","equity":9730.2,"pnl":-269.8,"positions":1,"backtests":15,"markets":["BTC/USD","ETH/USD","SOL/USD","XRP/USD","TAO/USD"],"errors":{}}
{"ok":true,"generated_at":"2026-09-27T01:36:49.153Z","equity":9729.59,"pnl":-270.41,"positions":1,"backtests":15,"markets":["BTC/USD","ETH/USD","SOL/USD","XRP/USD","TAO/USD"],"errors":{}}
{"ok":true,"generated_at":"2026-09-27T01:37:52.917Z","equity":9728.61,"pnl":-271.39,"positions":1,"backtests":15,"markets":["BTC/USD","ETH/USD","SOL/USD","XRP/USD","TAO/USD"],"errors":{}}
{"ok":true,"generated_at":"2026-09-27T01:38:56.650Z","equity":9729.53,"pnl":-270.47,"positions":1,"backtests":15,"markets":["BTC/USD","ETH/USD","SOL/USD","XRP/USD","TAO/USD"],"errors":{}}
{"ok":true,"generated_at":"2026-09-27T01:40:00.033Z","equity":9727.6,"pnl":-272.4,"positions":1,"backtests":15,"markets":["BTC/USD","ETH/USD","SOL/USD","XRP/USD","TAO/USD"],"errors":{}}
{"ok":true,"generated_at":"2026-09-27T01:41:03.687Z","equity":9724.58,"pnl":-275.42,"positions":1,"backtests":15,"markets":["BTC/USD","ETH/USD","SOL/USD","XRP/USD","TAO/USD"],"errors":{}}
{"ok":true,"generated_at":"2026-09-27T01:42:07.085Z","equity":9721.18,"pnl":-278.82,"positions":1,"backtests":15,"markets":["BTC/USD","ETH/USD","SOL/USD","XRP/USD","TAO/USD"],"errors":{}}
{"ok":true,"generated_at":"2026-09-27T01:43:10.654Z","equity":9720.19,"pnl":-279.81,"positions":1,"backtests":15,"markets":["BTC/USD","ETH/USD","SOL/USD","XRP/USD","TAO/USD"],"errors":{}}
{"ok":true,"generated_at":"2026-09-27T01:44:14.377Z","equity":9720.55,"pnl":-279.45,"positions":1,"backtests":15,"markets":["BTC/USD","ETH/USD","SOL/USD","XRP/USD","TAO/USD"],"errors":{}}
{"ok":true,"generated_at":"2026-09-27T01:45:17.833Z","equity":9721.38,"pnl":-278.62,"positions":1,"backtests":15,"markets":["BTC/USD","ETH/USD","SOL/USD","XRP/USD","TAO/USD"],"errors":{}}
{"ok":true,"generated_at":"2026-09-27T01:46:21.291Z","equity":9722.59,"pnl":-277.41,"positions":1,"backtests":15,"markets":["BTC/USD","ETH/USD","SOL/USD","XRP/USD","TAO/USD"],"errors":{}}
{"ok":true,"generated_at":"2026-09-27T01:47:24.667Z","equity":9723.17,"pnl":-276.83,"positions":1,"backtests":15,"markets":["BTC/USD","ETH/USD","SOL/USD","XRP/USD","TAO/USD"],"errors":{}}
{"ok":true,"generated_at":"2026-09-27T01:48:28.202Z","equity":9722.16,"pnl":-277.84,"positions":1,"backtests":15,"markets":["BTC/USD","ETH/USD","SOL/USD","XRP/USD","TAO/USD"],"errors":{}}
{"ok":true,"generated_at":"2026-09-27T01:49:33.458Z","equity":9721.11,"pnl":-278.89,"positions":1,"backtests":15,"markets":["BTC/USD","ETH/USD","SOL/USD","XRP/USD","TAO/USD"],"errors":{}}
{"ok":true,"generated_at":"2026-09-27T01:50:37.117Z","equity":9721.67,"pnl":-278.33,"positions":1,"backtests":15,"markets":["BTC/USD","ETH/USD","SOL/USD","XRP/USD","TAO/USD"],"errors":{}}
{"ok":true,"generated_at":"2026-09-27T01:51:40.627Z","equity":9718.49,"pnl":-281.51,"positions":1,"backtests":15,"markets":["BTC/USD","ETH/USD","SOL/USD","XRP/USD","TAO/USD"],"errors":{}}
{"ok":true,"generated_at":"2026-09-27T01:52:43.986Z","equity":9717.28,"pnl":-282.72,"positions":1,"backtests":15,"markets":["BTC/USD","ETH/USD","SOL/USD","XRP/USD","TAO/USD"],"errors":{}}
{"ok":true,"generated_at":"2026-09-27T01:53:47.466Z","equity":9714.42,"pnl":-285.58,"positions":1,"backtests":15,"markets":["BTC/USD","ETH/USD","SOL/USD","XRP/USD","TAO/USD"],"errors":{}}
{"ok":true,"generated_at":"2026-09-27T01:54:50.968Z","equity":9710.41,"pnl":-289.59,"positions":1,"backtests":15,"markets":["BTC/USD","ETH/USD","SOL/USD","XRP/USD","TAO/USD"],"errors":{}}
{"ok":true,"generated_at":"2026-09-27T01:55:54.407Z","equity":9712.76,"pnl":-287.24,"positions":1,"backtests":15,"markets":["BTC/USD","ETH/USD","SOL/USD","XRP/USD","TAO/USD"],"errors":{}}
{"ok":true,"generated_at":"2026-09-27T01:56:57.842Z","equity":9715.18,"pnl":-284.82,"positions":1,"backtests":15,"markets":["BTC/USD","ETH/USD","SOL/USD","XRP/USD","TAO/USD"],"errors":{}}
{"ok":true,"generated_at":"2026-09-27T01:58:01.348Z","equity":9715.23,"pnl":-284.77,"positions":1,"backtests":15,"markets":["BTC/USD","ETH/USD","SOL/USD","XRP/USD","TAO/USD"],"errors":{}}
{"ok":true,"generated_at":"2026-09-27T01:59:04.930Z","equity":9716.12,"pnl":-283.88,"positions":1,"backtests":15,"markets":["BTC/USD","ETH/USD","SOL/USD","XRP/USD","TAO/USD"],"errors":{}}
{"ok":true,"generated_at":"2026-09-27T02:00:08.643Z","equity":9702.59,"pnl":-297.41,"positions":2,"backtests":15,"markets":["BTC/USD","ETH/USD","SOL/USD","XRP/USD","TAO/USD"],"errors":{}}
{"ok":true,"generated_at":"2026-09-27T02:01:12.484Z","equity":9704.86,"pnl":-295.14,"positions":2,"backtests":15,"markets":["BTC/USD","ETH/USD","SOL/USD","XRP/USD","TAO/USD"],"errors":{}}
{"ok":true,"generated_at":"2026-09-27T02:02:16.170Z","equity":9714.01,"pnl":-285.99,"positions":2,"backtests":15,"markets":["BTC/USD","ETH/USD","SOL/USD","XRP/USD","TAO/USD"],"errors":{}}
{"ok":true,"generated_at":"2026-09-27T02:03:19.587Z","equity":9713.3,"pnl":-286.7,"positions":2,"backtests":15,"markets":["BTC/USD","ETH/USD","SOL/USD","XRP/USD","TAO/USD"],"errors":{}}
{"ok":true,"generated_at":"2026-09-27T02:04:23.296Z","equity":9707.42,"pnl":-292.58,"positions":2,"backtests":15,"markets":["BTC/USD","ETH/USD","SOL/USD","XRP/USD","TAO/USD"],"errors":{}}
{"ok":true,"generated_at":"2026-09-27T02:05:27.008Z","equity":9705.92,"pnl":-294.08,"positions":2,"backtests":15,"markets":["BTC/USD","ETH/USD","SOL/USD","XRP/USD","TAO/USD"],"errors":{}}
{"ok":true,"generated_at":"2026-09-27T02:06:30.715Z","equity":9697.8,"pnl":-302.2,"positions":2,"backtests":15,"markets":["BTC/USD","ETH/USD","SOL/USD","XRP/USD","TAO/USD"],"errors":{}}
{"ok":true,"generated_at":"2026-09-27T02:07:34.356Z","equity":9701.11,"pnl":-298.89,"positions":2,"backtests":15,"markets":["BTC/USD","ETH/USD","SOL/USD","XRP/USD","TAO/USD"],"errors":{}}
{"ok":true,"generated_at":"2026-09-27T02:08:38.809Z","equity":9698.81,"pnl":-301.19,"positions":2,"backtests":15,"markets":["BTC/USD","ETH/USD","SOL/USD","XRP/USD","TAO/USD"],"errors":{}}
{"ok":true,"generated_at":"2026-09-27T02:09:42.994Z","equity":9697.63,"pnl":-302.37,"positions":2,"backtests":15,"markets":["BTC/USD","ETH/USD","SOL/USD","XRP/USD","TAO/USD"],"errors":{}}
{"ok":true,"generated_at":"2026-09-27T02:10:46.879Z","equity":9712.28,"pnl":-287.72,"positions":2,"backtests":15,"markets":["BTC/USD","ETH/USD","SOL/USD","XRP/USD","TAO/USD"],"errors":{}}
{"ok":true,"generated_at":"2026-09-27T02:11:50.403Z","equity":9716.47,"pnl":-283.53,"positions":2,"backtests":15,"markets":["BTC/USD","ETH/USD","SOL/USD","XRP/USD","TAO/USD"],"errors":{}}
{"ok":true,"generated_at":"2026-09-27T02:12:53.959Z","equity":9716.44,"pnl":-283.56,"positions":2,"backtests":15,"markets":["BTC/USD","ETH/USD","SOL/USD","XRP/USD","TAO/USD"],"errors":{}}
{"ok":true,"generated_at":"2026-09-27T02:14:00.401Z","equity":9711.41,"pnl":-288.59,"positions":2,"backtests":15,"markets":["BTC/USD","ETH/USD","SOL/USD","XRP/USD","TAO/USD"],"errors":{}}
{"ok":true,"generated_at":"2026-09-27T02:15:03.794Z","equity":9708.59,"pnl":-291.41,"positions":2,"backtests":15,"markets":["BTC/USD","ETH/USD","SOL/USD","XRP/USD","TAO/USD"],"errors":{}}
{"ok":true,"generated_at":"2026-09-27T02:16:07.484Z","equity":9703.35,"pnl":-296.65,"positions":2,"backtests":15,"markets":["BTC/USD","ETH/USD","SOL/USD","XRP/USD","TAO/USD"],"errors":{}}
{"ok":true,"generated_at":"2026-09-27T02:17:11.111Z","equity":9701.33,"pnl":-298.67,"positions":2,"backtests":15,"markets":["BTC/USD","ETH/USD","SOL/USD","XRP/USD","TAO/USD"],"errors":{}}
{"ok":true,"generated_at":"2026-09-27T02:18:14.445Z","equity":9699.59,"pnl":-300.41,"positions":2,"backtests":15,"markets":["BTC/USD","ETH/USD","SOL/USD","XRP/USD","TAO/USD"],"errors":{}}
{"ok":true,"generated_at":"2026-09-27T02:19:20.244Z","equity":9699.93,"pnl":-300.07,"positions":2,"backtests":15,"markets":["BTC/USD","ETH/USD","SOL/USD","XRP/USD","TAO/USD"],"errors":{}}
{"ok":true,"generated_at":"2026-09-27T02:20:23.684Z","equity":9700.23,"pnl":-299.77,"positions":2,"backtests":15,"markets":["BTC/USD","ETH/USD","SOL/USD","XRP/USD","TAO/USD"],"errors":{}}
{"ok":true,"generated_at":"2026-09-27T02:21:27.310Z","equity":9696.75,"pnl":-303.25,"positions":2,"backtests":15,"markets":["BTC/USD","ETH/USD","SOL/USD","XRP/USD","TAO/USD"],"errors":{}}
{"ok":true,"generated_at":"2026-09-27T02:22:30.890Z","equity":9695.08,"pnl":-304.92,"positions":2,"backtests":15,"markets":["BTC/USD","ETH/USD","SOL/USD","XRP/USD","TAO/USD"],"errors":{}}
{"ok":true,"generated_at":"2026-09-27T02:23:34.238Z","equity":9693.84,"pnl":-306.16,"positions":2,"backtests":15,"markets":["BTC/USD","ETH/USD","SOL/USD","XRP/USD","TAO/USD"],"errors":{}}
{"ok":true,"generated_at":"2026-09-27T02:24:38.689Z","equity":9695.24,"pnl":-304.76,"positions":2,"backtests":15,"markets":["BTC/USD","ETH/USD","SOL/USD","XRP/USD","TAO/USD"],"errors":{}}
{"ok":true,"generated_at":"2026-09-27T02:25:42.067Z","equity":9695.55,"pnl":-304.45,"positions":2,"backtests":15,"markets":["BTC/USD","ETH/USD","SOL/USD","XRP/USD","TAO/USD"],"errors":{}}
{"ok":true,"generated_at":"2026-09-27T02:26:45.346Z","equity":9694.81,"pnl":-305.19,"positions":2,"backtests":15,"markets":["BTC/USD","ETH/USD","SOL/USD","XRP/USD","TAO/USD"],"errors":{}}
{"ok":true,"generated_at":"2026-09-27T02:27:48.724Z","equity":9692.88,"pnl":-307.12,"positions":2,"backtests":15,"markets":["BTC/USD","ETH/USD","SOL/USD","XRP/USD","TAO/USD"],"errors":{}}
{"ok":true,"generated_at":"2026-09-27T02:28:52.070Z","equity":9691.99,"pnl":-308.01,"positions":2,"backtests":15,"markets":["BTC/USD","ETH/USD","SOL/USD","XRP/USD","TAO/USD"],"errors":{}}
{"ok":true,"generated_at":"2026-09-27T02:29:55.725Z","equity":9691.16,"pnl":-308.84,"positions":2,"backtests":15,"markets":["BTC/USD","ETH/USD","SOL/USD","XRP/USD","TAO/USD"],"errors":{}}
{"ok":true,"generated_at":"2026-09-27T02:30:59.167Z","equity":9695.16,"pnl":-304.84,"positions":2,"backtests":15,"markets":["BTC/USD","ETH/USD","SOL/USD","XRP/USD","TAO/USD"],"errors":{}}
{"ok":true,"generated_at":"2026-09-27T02:32:02.518Z","equity":9703.15,"pnl":-296.85,"positions":2,"backtests":15,"markets":["BTC/USD","ETH/USD","SOL/USD","XRP/USD","TAO/USD"],"errors":{}}
{"ok":true,"generated_at":"2026-09-27T02:33:06.015Z","equity":9698.88,"pnl":-301.12,"positions":2,"backtests":15,"markets":["BTC/USD","ETH/USD","SOL/USD","XRP/USD","TAO/USD"],"errors":{}}
{"ok":true,"generated_at":"2026-09-27T02:34:09.572Z","equity":9695.65,"pnl":-304.35,"positions":2,"backtests":15,"markets":["BTC/USD","ETH/USD","SOL/USD","XRP/USD","TAO/USD"],"errors":{}}
{"ok":true,"generated_at":"2026-09-27T02:35:13.411Z","equity":9691.54,"pnl":-308.46,"positions":2,"backtests":15,"markets":["BTC/USD","ETH/USD","SOL/USD","XRP/USD","TAO/USD"],"errors":{}}
{"ok":true,"generated_at":"2026-09-27T02:36:16.742Z","equity":9692.58,"pnl":-307.42,"positions":2,"backtests":15,"markets":["BTC/USD","ETH/USD","SOL/USD","XRP/USD","TAO/USD"],"errors":{}}
{"ok":true,"generated_at":"2026-09-27T02:37:20.282Z","equity":9700.53,"pnl":-299.47,"positions":2,"backtests":15,"markets":["BTC/USD","ETH/USD","SOL/USD","XRP/USD","TAO/USD"],"errors":{}}
{"ok":true,"generated_at":"2026-09-27T02:38:23.682Z","equity":9702.59,"pnl":-297.41,"positions":2,"backtests":15,"markets":["BTC/USD","ETH/USD","SOL/USD","XRP/USD","TAO/USD"],"errors":{}}
{"ok":true,"generated_at":"2026-09-27T02:39:28.499Z","equity":9703.21,"pnl":-296.79,"positions":2,"backtests":15,"markets":["BTC/USD","ETH/USD","SOL/USD","XRP/USD","TAO/USD"],"errors":{}}
{"ok":true,"generated_at":"2026-09-27T02:40:32.742Z","equity":9702.28,"pnl":-297.72,"positions":2,"backtests":15,"markets":["BTC/USD","ETH/USD","SOL/USD","XRP/USD","TAO/USD"],"errors":{}}
{"ok":true,"generated_at":"2026-09-27T02:41:36.398Z","equity":9701.14,"pnl":-298.86,"positions":2,"backtests":15,"markets":["BTC/USD","ETH/USD","SOL/USD","XRP/USD","TAO/USD"],"errors":{}}
{"ok":true,"generated_at":"2026-09-27T02:42:39.752Z","equity":9702.05,"pnl":-297.95,"positions":2,"backtests":15,"markets":["BTC/USD","ETH/USD","SOL/USD","XRP/USD","TAO/USD"],"errors":{}}
{"ok":true,"generated_at":"2026-09-27T02:43:43.602Z","equity":9702.52,"pnl":-297.48,"positions":2,"backtests":15,"markets":["BTC/USD","ETH/USD","SOL/USD","XRP/USD","TAO/USD"],"errors":{}}
{"ok":true,"generated_at":"2026-09-27T02:44:46.852Z","equity":9707.57,"pnl":-292.43,"positions":2,"backtests":15,"markets":["BTC/USD","ETH/USD","SOL/USD","XRP/USD","TAO/USD"],"errors":{}}
{"ok":true,"generated_at":"2026-09-27T02:45:50.798Z","equity":9706.43,"pnl":-293.57,"positions":2,"backtests":15,"markets":["BTC/USD","ETH/USD","SOL/USD","XRP/USD","TAO/USD"],"errors":{}}
{"ok":true,"generated_at":"2026-09-27T02:46:54.175Z","equity":9704.56,"pnl":-295.44,"positions":2,"backtests":15,"markets":["BTC/USD","ETH/USD","SOL/USD","XRP/USD","TAO/USD"],"errors":{}}
{"ok":true,"generated_at":"2026-09-27T02:47:57.915Z","equity":9705.4,"pnl":-294.6,"positions":2,"backtests":15,"markets":["BTC/USD","ETH/USD","SOL/USD","XRP/USD","TAO/USD"],"errors":{}}
{"ok":true,"generated_at":"2026-09-27T02:49:02.780Z","equity":9702.75,"pnl":-297.25,"positions":2,"backtests":15,"markets":["BTC/USD","ETH/USD","SOL/USD","XRP/USD","TAO/USD"],"errors":{}}
{"ok":true,"generated_at":"2026-09-27T02:50:06.218Z","equity":9702.92,"pnl":-297.08,"positions":2,"backtests":15,"markets":["BTC/USD","ETH/USD","SOL/USD","XRP/USD","TAO/USD"],"errors":{}}
{"ok":true,"generated_at":"2026-09-27T02:51:09.721Z","equity":9707.12,"pnl":-292.88,"positions":2,"backtests":15,"markets":["BTC/USD","ETH/USD","SOL/USD","XRP/USD","TAO/USD"],"errors":{}}
{"ok":true,"generated_at":"2026-09-27T02:52:13.215Z","equity":9704.89,"pnl":-295.11,"positions":2,"backtests":15,"markets":["BTC/USD","ETH/USD","SOL/USD","XRP/USD","TAO/USD"],"errors":{}}
{"ok":true,"generated_at":"2026-09-27T02:53:16.680Z","equity":9704.96,"pnl":-295.04,"positions":2,"backtests":15,"markets":["BTC/USD","ETH/USD","SOL/USD","XRP/USD","TAO/USD"],"errors":{}}
{"ok":true,"generated_at":"2026-09-27T02:54:20.331Z","equity":9703.97,"pnl":-296.03,"positions":2,"backtests":15,"markets":["BTC/USD","ETH/USD","SOL/USD","XRP/USD","TAO/USD"],"errors":{}}
{"ok":true,"generated_at":"2026-09-27T02:55:23.905Z","equity":9704.29,"pnl":-295.71,"positions":2,"backtests":15,"markets":["BTC/USD","ETH/USD","SOL/USD","XRP/USD","TAO/USD"],"errors":{}}
{"ok":true,"generated_at":"2026-09-27T02:56:28.063Z","equity":9701.13,"pnl":-298.87,"positions":2,"backtests":15,"markets":["BTC/USD","ETH/USD","SOL/USD","XRP/USD","TAO/USD"],"errors":{}}
{"ok":true,"generated_at":"2026-09-27T02:57:33.234Z","equity":9697.66,"pnl":-302.34,"positions":2,"backtests":15,"markets":["BTC/USD","ETH/USD","SOL/USD","XRP/USD","TAO/USD"],"errors":{}}
{"ok":true,"generated_at":"2026-09-27T02:58:36.817Z","equity":9692.68,"pnl":-307.32,"positions":2,"backtests":15,"markets":["BTC/USD","ETH/USD","SOL/USD","XRP/USD","TAO/USD"],"errors":{}}
{"ok":true,"generated_at":"2026-09-27T02:59:40.597Z","equity":9689.99,"pnl":-310.01,"positions":2,"backtests":15,"markets":["BTC/USD","ETH/USD","SOL/USD","XRP/USD","TAO/USD"],"errors":{}}
{"ok":true,"generated_at":"2026-09-27T03:00:44.265Z","equity":9669.3,"pnl":-330.7,"positions":2,"backtests":15,"markets":["BTC/USD","ETH/USD","SOL/USD","XRP/USD","TAO/USD"],"errors":{}}
{"ok":true,"generated_at":"2026-09-27T03:01:47.634Z","equity":9669.88,"pnl":-330.12,"positions":2,"backtests":15,"markets":["BTC/USD","ETH/USD","SOL/USD","XRP/USD","TAO/USD"],"errors":{}}
{"ok":true,"generated_at":"2026-09-27T03:02:51.132Z","equity":9669.2,"pnl":-330.8,"positions":2,"backtests":15,"markets":["BTC/USD","ETH/USD","SOL/USD","XRP/USD","TAO/USD"],"errors":{}}
{"ok":true,"generated_at":"2026-09-27T03:03:54.985Z","equity":9670.17,"pnl":-329.83,"positions":2,"backtests":15,"markets":["BTC/USD","ETH/USD","SOL/USD","XRP/USD","TAO/USD"],"errors":{}}
{"ok":true,"generated_at":"2026-09-27T03:04:58.906Z","equity":9671.47,"pnl":-328.53,"positions":2,"backtests":15,"markets":["BTC/USD","ETH/USD","SOL/USD","XRP/USD","TAO/USD"],"errors":{}}
{"ok":true,"generated_at":"2026-09-27T03:06:02.456Z","equity":9671.11,"pnl":-328.89,"positions":2,"backtests":15,"markets":["BTC/USD","ETH/USD","SOL/USD","XRP/USD","TAO/USD"],"errors":{}}
{"ok":true,"generated_at":"2026-09-27T03:07:06.211Z","equity":9668.54,"pnl":-331.46,"positions":2,"backtests":15,"markets":["BTC/USD","ETH/USD","SOL/USD","XRP/USD","TAO/USD"],"errors":{}}
{"ok":true,"generated_at":"2026-09-27T03:08:09.735Z","equity":9669.08,"pnl":-330.92,"positions":2,"backtests":15,"markets":["BTC/USD","ETH/USD","SOL/USD","XRP/USD","TAO/USD"],"errors":{}}
{"ok":true,"generated_at":"2026-09-27T03:09:13.681Z","equity":9669.92,"pnl":-330.08,"positions":2,"backtests":15,"markets":["BTC/USD","ETH/USD","SOL/USD","XRP/USD","TAO/USD"],"errors":{}}
{"ok":true,"generated_at":"2026-09-27T03:10:17.393Z","equity":9671.3,"pnl":-328.7,"positions":2,"backtests":15,"markets":["BTC/USD","ETH/USD","SOL/USD","XRP/USD","TAO/USD"],"errors":{}}
{"ok":true,"generated_at":"2026-09-27T03:11:20.988Z","equity":9672.72,"pnl":-327.28,"positions":2,"backtests":15,"markets":["BTC/USD","ETH/USD","SOL/USD","XRP/USD","TAO/USD"],"errors":{}}
{"ok":true,"generated_at":"2026-09-27T03:12:24.684Z","equity":9673.27,"pnl":-326.73,"positions":2,"backtests":15,"markets":["BTC/USD","ETH/USD","SOL/USD","XRP/USD","TAO/USD"],"errors":{}}
{"ok":true,"generated_at":"2026-09-27T03:13:28.668Z","equity":9671.59,"pnl":-328.41,"positions":2,"backtests":15,"markets":["BTC/USD","ETH/USD","SOL/USD","XRP/USD","TAO/USD"],"errors":{}}
{"ok":true,"generated_at":"2026-09-27T03:14:32.228Z","equity":9671.48,"pnl":-328.52,"positions":2,"backtests":15,"markets":["BTC/USD","ETH/USD","SOL/USD","XRP/USD","TAO/USD"],"errors":{}}
{"ok":true,"generated_at":"2026-09-27T03:15:35.770Z","equity":9671.27,"pnl":-328.73,"positions":2,"backtests":15,"markets":["BTC/USD","ETH/USD","SOL/USD","XRP/USD","TAO/USD"],"errors":{}}
{"ok":true,"generated_at":"2026-09-27T03:16:39.941Z","equity":9670.75,"pnl":-329.25,"positions":2,"backtests":15,"markets":["BTC/USD","ETH/USD","SOL/USD","XRP/USD","TAO/USD"],"errors":{}}
{"ok":true,"generated_at":"2026-09-27T03:17:43.999Z","equity":9670.44,"pnl":-329.56,"positions":2,"backtests":15,"markets":["BTC/USD","ETH/USD","SOL/USD","XRP/USD","TAO/USD"],"errors":{}}
{"ok":true,"generated_at":"2026-09-27T03:18:47.578Z","equity":9669.7,"pnl":-330.3,"positions":2,"backtests":15,"markets":["BTC/USD","ETH/USD","SOL/USD","XRP/USD","TAO/USD"],"errors":{}}
{"ok":true,"generated_at":"2026-09-27T03:19:52.254Z","equity":9672.58,"pnl":-327.42,"positions":2,"backtests":15,"markets":["BTC/USD","ETH/USD","SOL/USD","XRP/USD","TAO/USD"],"errors":{}}
{"ok":true,"generated_at":"2026-09-27T03:20:56.060Z","equity":9674.63,"pnl":-325.37,"positions":2,"backtests":15,"markets":["BTC/USD","ETH/USD","SOL/USD","XRP/USD","TAO/USD"],"errors":{}}
{"ok":true,"generated_at":"2026-09-27T03:21:59.640Z","equity":9675.59,"pnl":-324.41,"positions":2,"backtests":15,"markets":["BTC/USD","ETH/USD","SOL/USD","XRP/USD","TAO/USD"],"errors":{}}
{"ok":true,"generated_at":"2026-09-27T03:23:03.590Z","equity":9676.95,"pnl":-323.05,"positions":2,"backtests":15,"markets":["BTC/USD","ETH/USD","SOL/USD","XRP/USD","TAO/USD"],"errors":{}}
{"ok":true,"generated_at":"2026-09-27T03:24:07.216Z","equity":9676.92,"pnl":-323.08,"positions":2,"backtests":15,"markets":["BTC/USD","ETH/USD","SOL/USD","XRP/USD","TAO/USD"],"errors":{}}
{"ok":true,"generated_at":"2026-09-27T03:25:11.044Z","equity":9676.6,"pnl":-323.4,"positions":2,"backtests":15,"markets":["BTC/USD","ETH/USD","SOL/USD","XRP/USD","TAO/USD"],"errors":{}}
{"ok":true,"generated_at":"2026-09-27T03:26:14.692Z","equity":9676.96,"pnl":-323.04,"positions":2,"backtests":15,"markets":["BTC/USD","ETH/USD","SOL/USD","XRP/USD","TAO/USD"],"errors":{}}
{"ok":true,"generated_at":"2026-09-27T03:27:18.430Z","equity":9676.8,"pnl":-323.2,"positions":2,"backtests":15,"markets":["BTC/USD","ETH/USD","SOL/USD","XRP/USD","TAO/USD"],"errors":{}}
{"ok":true,"generated_at":"2026-09-27T03:28:22.161Z","equity":9676.73,"pnl":-323.27,"positions":2,"backtests":15,"markets":["BTC/USD","ETH/USD","SOL/USD","XRP/USD","TAO/USD"],"errors":{}}
{"ok":true,"generated_at":"2026-09-27T03:29:26.338Z","equity":9676.18,"pnl":-323.82,"positions":2,"backtests":15,"markets":["BTC/USD","ETH/USD","SOL/USD","XRP/USD","TAO/USD"],"errors":{}}
{"ok":true,"generated_at":"2026-09-27T03:30:30.939Z","equity":9677.14,"pnl":-322.86,"positions":2,"backtests":15,"markets":["BTC/USD","ETH/USD","SOL/USD","XRP/USD","TAO/USD"],"errors":{}}
{"ok":true,"generated_at":"2026-09-27T03:31:34.657Z","equity":9676.12,"pnl":-323.88,"positions":2,"backtests":15,"markets":["BTC/USD","ETH/USD","SOL/USD","XRP/USD","TAO/USD"],"errors":{}}
{"ok":true,"generated_at":"2026-09-27T03:32:38.083Z","equity":9677.5,"pnl":-322.5,"positions":2,"backtests":15,"markets":["BTC/USD","ETH/USD","SOL/USD","XRP/USD","TAO/USD"],"errors":{}}
{"ok":true,"generated_at":"2026-09-27T03:33:42.759Z","equity":9675.61,"pnl":-324.39,"positions":2,"backtests":15,"markets":["BTC/USD","ETH/USD","SOL/USD","XRP/USD","TAO/USD"],"errors":{}}
{"ok":true,"generated_at":"2026-09-27T03:34:46.299Z","equity":9676.88,"pnl":-323.12,"positions":2,"backtests":15,"markets":["BTC/USD","ETH/USD","SOL/USD","XRP/USD","TAO/USD"],"errors":{}}
{"ok":true,"generated_at":"2026-09-27T03:35:50.225Z","equity":9676.27,"pnl":-323.73,"positions":2,"backtests":15,"markets":["BTC/USD","ETH/USD","SOL/USD","XRP/USD","TAO/USD"],"errors":{}}
{"ok":true,"generated_at":"2026-09-27T03:36:54.037Z","equity":9675.86,"pnl":-324.14,"positions":2,"backtests":15,"markets":["BTC/USD","ETH/USD","SOL/USD","XRP/USD","TAO/USD"],"errors":{}}
{"ok":true,"generated_at":"2026-09-27T03:37:58.144Z","equity":9674.14,"pnl":-325.86,"positions":2,"backtests":15,"markets":["BTC/USD","ETH/USD","SOL/USD","XRP/USD","TAO/USD"],"errors":{}}
{"ok":true,"generated_at":"2026-09-27T03:39:01.951Z","equity":9675.47,"pnl":-324.53,"positions":2,"backtests":15,"markets":["BTC/USD","ETH/USD","SOL/USD","XRP/USD","TAO/USD"],"errors":{}}
{"ok":true,"generated_at":"2026-09-27T03:40:05.393Z","equity":9674.99,"pnl":-325.01,"positions":2,"backtests":15,"markets":["BTC/USD","ETH/USD","SOL/USD","XRP/USD","TAO/USD"],"errors":{}}
{"ok":true,"generated_at":"2026-09-27T03:41:08.837Z","equity":9675.81,"pnl":-324.19,"positions":2,"backtests":15,"markets":["BTC/USD","ETH/USD","SOL/USD","XRP/USD","TAO/USD"],"errors":{}}
{"ok":true,"generated_at":"2026-09-27T03:42:12.571Z","equity":9676.14,"pnl":-323.86,"positions":2,"backtests":15,"markets":["BTC/USD","ETH/USD","SOL/USD","XRP/USD","TAO/USD"],"errors":{}}
{"ok":true,"generated_at":"2026-09-27T03:43:16.304Z","equity":9675.35,"pnl":-324.65,"positions":2,"backtests":15,"markets":["BTC/USD","ETH/USD","SOL/USD","XRP/USD","TAO/USD"],"errors":{}}
{"ok":true,"generated_at":"2026-09-27T03:44:19.984Z","equity":9676.28,"pnl":-323.72,"positions":2,"backtests":15,"markets":["BTC/USD","ETH/USD","SOL/USD","XRP/USD","TAO/USD"],"errors":{}}
{"ok":true,"generated_at":"2026-09-27T03:45:23.346Z","equity":9677.1,"pnl":-322.9,"positions":2,"backtests":15,"markets":["BTC/USD","ETH/USD","SOL/USD","XRP/USD","TAO/USD"],"errors":{}}
{"ok":true,"generated_at":"2026-09-27T03:46:27.004Z","equity":9677.07,"pnl":-322.93,"positions":2,"backtests":15,"markets":["BTC/USD","ETH/USD","SOL/USD","XRP/USD","TAO/USD"],"errors":{}}
{"ok":true,"generated_at":"2026-09-27T03:47:30.623Z","equity":9678.01,"pnl":-321.99,"positions":2,"backtests":15,"markets":["BTC/USD","ETH/USD","SOL/USD","XRP/USD","TAO/USD"],"errors":{}}
{"ok":true,"generated_at":"2026-09-27T03:48:34.313Z","equity":9677.56,"pnl":-322.44,"positions":2,"backtests":15,"markets":["BTC/USD","ETH/USD","SOL/USD","XRP/USD","TAO/USD"],"errors":{}}
{"ok":true,"generated_at":"2026-09-27T03:49:37.991Z","equity":9678.26,"pnl":-321.74,"positions":2,"backtests":15,"markets":["BTC/USD","ETH/USD","SOL/USD","XRP/USD","TAO/USD"],"errors":{}}
{"ok":true,"generated_at":"2026-09-27T03:50:41.479Z","equity":9678.28,"pnl":-321.72,"positions":2,"backtests":15,"markets":["BTC/USD","ETH/USD","SOL/USD","XRP/USD","TAO/USD"],"errors":{}}
{"ok":true,"generated_at":"2026-09-27T03:51:44.769Z","equity":9677.52,"pnl":-322.48,"positions":2,"backtests":15,"markets":["BTC/USD","ETH/USD","SOL/USD","XRP/USD","TAO/USD"],"errors":{}}
{"ok":true,"generated_at":"2026-09-27T03:52:48.461Z","equity":9677.42,"pnl":-322.58,"positions":2,"backtests":15,"markets":["BTC/USD","ETH/USD","SOL/USD","XRP/USD","TAO/USD"],"errors":{}}
{"ok":true,"generated_at":"2026-09-27T03:53:52.630Z","equity":9677.32,"pnl":-322.68,"positions":2,"backtests":15,"markets":["BTC/USD","ETH/USD","SOL/USD","XRP/USD","TAO/USD"],"errors":{}}
{"ok":true,"generated_at":"2026-09-27T03:54:56.138Z","equity":9678.31,"pnl":-321.69,"positions":2,"backtests":15,"markets":["BTC/USD","ETH/USD","SOL/USD","XRP/USD","TAO/USD"],"errors":{}}
{"ok":true,"generated_at":"2026-09-27T03:55:59.489Z","equity":9678.57,"pnl":-321.43,"positions":2,"backtests":15,"markets":["BTC/USD","ETH/USD","SOL/USD","XRP/USD","TAO/USD"],"errors":{}}
{"ok":true,"generated_at":"2026-09-27T03:57:03.055Z","equity":9679.56,"pnl":-320.44,"positions":2,"backtests":15,"markets":["BTC/USD","ETH/USD","SOL/USD","XRP/USD","TAO/USD"],"errors":{}}
{"ok":true,"generated_at":"2026-09-27T03:58:07.068Z","equity":9679.19,"pnl":-320.81,"positions":2,"backtests":15,"markets":["BTC/USD","ETH/USD","SOL/USD","XRP/USD","TAO/USD"],"errors":{}}
{"ok":true,"generated_at":"2026-09-27T03:59:10.670Z","equity":9678.18,"pnl":-321.82,"positions":2,"backtests":15,"markets":["BTC/USD","ETH/USD","SOL/USD","XRP/USD","TAO/USD"],"errors":{}}
{"ok":true,"generated_at":"2026-09-27T04:00:14.159Z","equity":9677.76,"pnl":-322.24,"positions":2,"backtests":15,"markets":["BTC/USD","ETH/USD","SOL/USD","XRP/USD","TAO/USD"],"errors":{}}
{"ok":true,"generated_at":"2026-09-27T04:01:17.642Z","equity":9679.06,"pnl":-320.94,"positions":2,"backtests":15,"markets":["BTC/USD","ETH/USD","SOL/USD","XRP/USD","TAO/USD"],"errors":{}}
{"ok":true,"generated_at":"2026-09-27T04:02:21.455Z","equity":9681.31,"pnl":-318.69,"positions":2,"backtests":15,"markets":["BTC/USD","ETH/USD","SOL/USD","XRP/USD","TAO/USD"],"errors":{}}
{"ok":true,"generated_at":"2026-09-27T04:03:24.930Z","equity":9680.89,"pnl":-319.11,"positions":2,"backtests":15,"markets":["BTC/USD","ETH/USD","SOL/USD","XRP/USD","TAO/USD"],"errors":{}}
{"ok":true,"generated_at":"2026-09-27T04:04:28.255Z","equity":9676.92,"pnl":-323.08,"positions":2,"backtests":15,"markets":["BTC/USD","ETH/USD","SOL/USD","XRP/USD","TAO/USD"],"errors":{}}
{"ok":true,"generated_at":"2026-09-27T04:05:31.952Z","equity":9680.36,"pnl":-319.64,"positions":2,"backtests":15,"markets":["BTC/USD","ETH/USD","SOL/USD","XRP/USD","TAO/USD"],"errors":{}}
{"ok":true,"generated_at":"2026-09-27T04:06:35.650Z","equity":9679.23,"pnl":-320.77,"positions":2,"backtests":15,"markets":["BTC/USD","ETH/USD","SOL/USD","XRP/USD","TAO/USD"],"errors":{}}
{"ok":true,"generated_at":"2026-09-27T04:07:39.195Z","equity":9677.18,"pnl":-322.82,"positions":2,"backtests":15,"markets":["BTC/USD","ETH/USD","SOL/USD","XRP/USD","TAO/USD"],"errors":{}}
{"ok":true,"generated_at":"2026-09-27T04:08:42.738Z","equity":9677.66,"pnl":-322.34,"positions":2,"backtests":15,"markets":["BTC/USD","ETH/USD","SOL/USD","XRP/USD","TAO/USD"],"errors":{}}
{"ok":true,"generated_at":"2026-09-27T04:09:47.122Z","equity":9678.92,"pnl":-321.08,"positions":2,"backtests":15,"markets":["BTC/USD","ETH/USD","SOL/USD","XRP/USD","TAO/USD"],"errors":{}}
{"ok":true,"generated_at":"2026-09-27T04:10:50.391Z","equity":9678.02,"pnl":-321.98,"positions":2,"backtests":15,"markets":["BTC/USD","ETH/USD","SOL/USD","XRP/USD","TAO/USD"],"errors":{}}
{"ok":true,"generated_at":"2026-09-27T04:11:54.063Z","equity":9676.77,"pnl":-323.23,"positions":2,"backtests":15,"markets":["BTC/USD","ETH/USD","SOL/USD","XRP/USD","TAO/USD"],"errors":{}}
{"ok":true,"generated_at":"2026-09-27T04:12:57.553Z","equity":9675.71,"pnl":-324.29,"positions":2,"backtests":15,"markets":["BTC/USD","ETH/USD","SOL/USD","XRP/USD","TAO/USD"],"errors":{}}
{"ok":true,"generated_at":"2026-09-27T04:14:00.977Z","equity":9676.83,"pnl":-323.17,"positions":2,"backtests":15,"markets":["BTC/USD","ETH/USD","SOL/USD","XRP/USD","TAO/USD"],"errors":{}}
{"ok":true,"generated_at":"2026-09-27T04:15:04.106Z","equity":9676.74,"pnl":-323.26,"positions":2,"backtests":15,"markets":["BTC/USD","ETH/USD","SOL/USD","XRP/USD","TAO/USD"],"errors":{}}
{"ok":true,"generated_at":"2026-09-27T04:16:07.727Z","equity":9676.28,"pnl":-323.72,"positions":2,"backtests":15,"markets":["BTC/USD","ETH/USD","SOL/USD","XRP/USD","TAO/USD"],"errors":{}}
{"ok":true,"generated_at":"2026-09-27T04:17:11.251Z","equity":9677.1,"pnl":-322.9,"positions":2,"backtests":15,"markets":["BTC/USD","ETH/USD","SOL/USD","XRP/USD","TAO/USD"],"errors":{}}
{"ok":true,"generated_at":"2026-09-27T04:18:14.993Z","equity":9677.78,"pnl":-322.22,"positions":2,"backtests":15,"markets":["BTC/USD","ETH/USD","SOL/USD","XRP/USD","TAO/USD"],"errors":{}}
{"ok":true,"generated_at":"2026-09-27T04:19:20.714Z","equity":9679.58,"pnl":-320.42,"positions":2,"backtests":15,"markets":["BTC/USD","ETH/USD","SOL/USD","XRP/USD","TAO/USD"],"errors":{}}
{"ok":true,"generated_at":"2026-09-27T04:20:24.499Z","equity":9680.12,"pnl":-319.88,"positions":2,"backtests":15,"markets":["BTC/USD","ETH/USD","SOL/USD","XRP/USD","TAO/USD"],"errors":{}}
{"ok":true,"generated_at":"2026-09-27T04:21:27.889Z","equity":9679.75,"pnl":-320.25,"positions":2,"backtests":15,"markets":["BTC/USD","ETH/USD","SOL/USD","XRP/USD","TAO/USD"],"errors":{}}
{"ok":true,"generated_at":"2026-09-27T04:22:31.176Z","equity":9680.96,"pnl":-319.04,"positions":2,"backtests":15,"markets":["BTC/USD","ETH/USD","SOL/USD","XRP/USD","TAO/USD"],"errors":{}}
{"ok":true,"generated_at":"2026-09-27T04:23:34.493Z","equity":9682.69,"pnl":-317.31,"positions":2,"backtests":15,"markets":["BTC/USD","ETH/USD","SOL/USD","XRP/USD","TAO/USD"],"errors":{}}
{"ok":true,"generated_at":"2026-09-27T04:24:38.027Z","equity":9682.23,"pnl":-317.77,"positions":2,"backtests":15,"markets":["BTC/USD","ETH/USD","SOL/USD","XRP/USD","TAO/USD"],"errors":{}}
{"ok":true,"generated_at":"2026-09-27T04:25:41.358Z","equity":9682.02,"pnl":-317.98,"positions":2,"backtests":15,"markets":["BTC/USD","ETH/USD","SOL/USD","XRP/USD","TAO/USD"],"errors":{}}
{"ok":true,"generated_at":"2026-09-27T04:26:44.502Z","equity":9682.5,"pnl":-317.5,"positions":2,"backtests":15,"markets":["BTC/USD","ETH/USD","SOL/USD","XRP/USD","TAO/USD"],"errors":{}}
{"ok":true,"generated_at":"2026-09-27T04:27:48.279Z","equity":9682.58,"pnl":-317.42,"positions":2,"backtests":15,"markets":["BTC/USD","ETH/USD","SOL/USD","XRP/USD","TAO/USD"],"errors":{}}
{"ok":true,"generated_at":"2026-09-27T04:28:51.661Z","equity":9683.87,"pnl":-316.13,"positions":2,"backtests":15,"markets":["BTC/USD","ETH/USD","SOL/USD","XRP/USD","TAO/USD"],"errors":{}}
{"ok":true,"generated_at":"2026-09-27T04:29:55.031Z","equity":9686.55,"pnl":-313.45,"positions":2,"backtests":15,"markets":["BTC/USD","ETH/USD","SOL/USD","XRP/USD","TAO/USD"],"errors":{}}
{"ok":true,"generated_at":"2026-09-27T04:30:58.316Z","equity":9686.48,"pnl":-313.52,"positions":2,"backtests":15,"markets":["BTC/USD","ETH/USD","SOL/USD","XRP/USD","TAO/USD"],"errors":{}}
{"ok":true,"generated_at":"2026-09-27T04:32:02.241Z","equity":9686.74,"pnl":-313.26,"positions":2,"backtests":15,"markets":["BTC/USD","ETH/USD","SOL/USD","XRP/USD","TAO/USD"],"errors":{}}
{"ok":true,"generated_at":"2026-09-27T04:33:05.621Z","equity":9685.53,"pnl":-314.47,"positions":2,"backtests":15,"markets":["BTC/USD","ETH/USD","SOL/USD","XRP/USD","TAO/USD"],"errors":{}}
{"ok":true,"generated_at":"2026-09-27T04:34:09.317Z","equity":9685.92,"pnl":-314.08,"positions":2,"backtests":15,"markets":["BTC/USD","ETH/USD","SOL/USD","XRP/USD","TAO/USD"],"errors":{}}
{"ok":true,"generated_at":"2026-09-27T04:35:13.293Z","equity":9686.32,"pnl":-313.68,"positions":2,"backtests":15,"markets":["BTC/USD","ETH/USD","SOL/USD","XRP/USD","TAO/USD"],"errors":{}}
{"ok":true,"generated_at":"2026-09-27T04:36:17.264Z","equity":9687.72,"pnl":-312.28,"positions":2,"backtests":15,"markets":["BTC/USD","ETH/USD","SOL/USD","XRP/USD","TAO/USD"],"errors":{}}
{"ok":true,"generated_at":"2026-09-27T04:37:20.717Z","equity":9688.86,"pnl":-311.14,"positions":2,"backtests":15,"markets":["BTC/USD","ETH/USD","SOL/USD","XRP/USD","TAO/USD"],"errors":{}}
{"ok":true,"generated_at":"2026-09-27T04:38:24.340Z","equity":9690.58,"pnl":-309.42,"positions":2,"backtests":15,"markets":["BTC/USD","ETH/USD","SOL/USD","XRP/USD","TAO/USD"],"errors":{}}
{"ok":true,"generated_at":"2026-09-27T04:39:27.796Z","equity":9690.47,"pnl":-309.53,"positions":2,"backtests":15,"markets":["BTC/USD","ETH/USD","SOL/USD","XRP/USD","TAO/USD"],"errors":{}}
{"ok":true,"generated_at":"2026-09-27T04:40:31.393Z","equity":9691.55,"pnl":-308.45,"positions":2,"backtests":15,"markets":["BTC/USD","ETH/USD","SOL/USD","XRP/USD","TAO/USD"],"errors":{}}
{"ok":true,"generated_at":"2026-09-27T04:41:35.091Z","equity":9689.59,"pnl":-310.41,"positions":2,"backtests":15,"markets":["BTC/USD","ETH/USD","SOL/USD","XRP/USD","TAO/USD"],"errors":{}}
{"ok":true,"generated_at":"2026-09-27T04:42:38.637Z","equity":9690.42,"pnl":-309.58,"positions":4,"backtests":15,"markets":["BTC/USD","ETH/USD","SOL/USD","XRP/USD","TAO/USD"],"errors":{}}
{"ok":true,"generated_at":"2026-09-27T04:43:42.167Z","equity":9691.07,"pnl":-308.93,"positions":4,"backtests":15,"markets":["BTC/USD","ETH/USD","SOL/USD","XRP/USD","TAO/USD"],"errors":{}}
{"ok":true,"generated_at":"2026-09-27T04:44:45.903Z","equity":9691.1,"pnl":-308.9,"positions":4,"backtests":15,"markets":["BTC/USD","ETH/USD","SOL/USD","XRP/USD","TAO/USD"],"errors":{}}
{"ok":true,"generated_at":"2026-09-27T04:45:49.491Z","equity":9691.27,"pnl":-308.73,"positions":4,"backtests":15,"markets":["BTC/USD","ETH/USD","SOL/USD","XRP/USD","TAO/USD"],"error